Company Name,Model Name,Mobile Weight,RAM,Front Camera,Back Camera,Processor,Battery Capacity,Screen Size,Launched Year,Price_USD_Avg
Apple,iPhone 16 128GB,174.0,6.0,12.0,48.0,A17 Bionic,3.0,6.1,2024,160.38629999999998
Apple,iPhone 16 256GB,174.0,6.0,12.0,48.0,A17 Bionic,3.0,6.1,2024,170.43266
Apple,iPhone 16 512GB,174.0,6.0,12.0,48.0,A17 Bionic,3.0,6.1,2024,180.50552000000002
Apple,iPhone 16 Plus 128GB,203.0,6.0,12.0,48.0,A17 Bionic,4.0,6.7,2024,180.50907
Apple,iPhone 16 Plus 256GB,203.0,6.0,12.0,48.0,A17 Bionic,4.0,6.7,2024,190.52747
Apple,iPhone 16 Plus 512GB,203.0,6.0,12.0,48.0,A17 Bionic,4.0,6.7,2024,200.56072
Apple,iPhone 16 Pro 128GB,206.0,6.0,12.0,50.0,A17 Pro,4.0,6.1,2024,200.55652
Apple,iPhone 16 Pro 256GB,206.0,8.0,12.0,50.0,A17 Pro,4.0,6.1,2024,1.00288
Apple,iPhone 16 Pro 512GB,206.0,8.0,12.0,50.0,A17 Pro,4.0,6.1,2024,1.03968
Apple,iPhone 16 Pro Max 128GB,221.0,6.0,12.0,48.0,A17 Pro,4.0,6.7,2024,1.0283799999999998
Apple,iPhone 16 Pro Max 256GB,221.0,8.0,12.0,48.0,A17 Pro,4.0,6.7,2024,1.04678
Apple,iPhone 16 Pro Max 512GB,221.0,8.0,12.0,48.0,A17 Pro,4.0,6.7,2024,1.166
Apple,iPhone 15 128GB,171.0,6.0,12.0,48.0,A16 Bionic,3.0,6.1,2023,160.36079999999998
Apple,iPhone 15 256GB,171.0,6.0,12.0,48.0,A16 Bionic,3.0,6.1,2023,170.37919999999997
Apple,iPhone 15 512GB,171.0,6.0,12.0,48.0,A16 Bionic,3.0,6.1,2023,190.46336000000002
Apple,iPhone 15 Plus 128GB,203.0,6.0,12.0,48.0,A16 Bionic,4.0,6.7,2023,180.45916
Apple,iPhone 15 Plus 256GB,203.0,6.0,12.0,48.0,A16 Bionic,4.0,6.7,2023,200.51682
Apple,iPhone 15 Plus 512GB,203.0,6.0,12.0,48.0,A16 Bionic,4.0,6.7,2023,0.9536200000000001
Apple,iPhone 15 Pro 128GB,206.0,6.0,12.0,48.0,A16 Bionic,4.0,6.1,2023,0.9494199999999999
Apple,iPhone 15 Pro 256GB,206.0,8.0,12.0,48.0,A16 Bionic,4.0,6.1,2023,1.0070799999999998
Apple,iPhone 15 Pro 512GB,206.0,8.0,12.0,48.0,A16 Bionic,4.0,6.1,2023,1.0983399999999999
Apple,iPhone 15 Pro Max 128GB,221.0,6.0,12.0,48.0,A16 Bionic,4.0,6.7,2023,1.03968
Apple,iPhone 15 Pro Max 256GB,221.0,8.0,12.0,48.0,A16 Bionic,4.0,6.7,2023,1.1518000000000002
Apple,iPhone 15 Pro Max 512GB,221.0,8.0,12.0,48.0,A16 Bionic,4.0,6.7,2023,1.1886
Apple,iPhone 14 128GB,172.0,6.0,12.0,12.0,A15 Bionic,3.0,6.1,2022,160.3353
Apple,iPhone 14 256GB,172.0,6.0,12.0,12.0,A15 Bionic,3.0,6.1,2022,170.35369999999998
Apple,iPhone 14 512GB,172.0,6.0,12.0,12.0,A15 Bionic,3.0,6.1,2022,190.43786
Apple,iPhone 14 Plus 128GB,203.0,6.0,12.0,12.0,A15 Bionic,4.0,6.7,2022,180.42656
Apple,iPhone 14 Plus 256GB,203.0,6.0,12.0,12.0,A15 Bionic,4.0,6.7,2022,200.44495999999998
Apple,iPhone 14 Plus 512GB,203.0,6.0,12.0,12.0,A15 Bionic,4.0,6.7,2022,0.90262
Apple,iPhone 14 Pro 128GB,206.0,6.0,12.0,48.0,A16 Bionic,4.0,6.1,2022,1.01418
Apple,iPhone 14 Pro 256GB,206.0,8.0,12.0,48.0,A16 Bionic,4.0,6.1,2022,1.0438800000000001
Apple,iPhone 14 Pro 512GB,206.0,8.0,12.0,48.0,A16 Bionic,4.0,6.1,2022,1.14644
Apple,iPhone 14 Pro Max 128GB,221.0,6.0,12.0,48.0,A16 Bionic,4.0,6.7,2022,1.0973400000000002
Apple,iPhone 14 Pro Max 256GB,221.0,8.0,12.0,48.0,A16 Bionic,4.0,6.7,2022,1.1886
Apple,iPhone 14 Pro Max 512GB,221.0,8.0,12.0,48.0,A16 Bionic,4.0,6.7,2022,1.2254
Apple,iPhone 13 mini 128GB,140.0,4.0,12.0,12.0,A15 Bionic,2.0,5.4,2021,140.32819999999998
Apple,iPhone 13 mini 256GB,140.0,4.0,12.0,12.0,A15 Bionic,2.0,5.4,2021,160.34659999999997
Apple,iPhone 13 mini 512GB,140.0,4.0,12.0,12.0,A15 Bionic,2.0,5.4,2021,180.43076000000002
Apple,iPhone 13 128GB,174.0,4.0,12.0,12.0,A15 Bionic,3.0,6.1,2021,160.35369999999998
Apple,iPhone 13 256GB,174.0,4.0,12.0,12.0,A15 Bionic,3.0,6.1,2021,180.43786
Apple,iPhone 13 512GB,174.0,4.0,12.0,12.0,A15 Bionic,3.0,6.1,2021,200.50262
Apple,iPhone 13 Pro 128GB,204.0,6.0,12.0,12.0,A15 Bionic,3.0,6.1,2021,200.63678
Apple,iPhone 13 Pro 256GB,204.0,6.0,12.0,12.0,A15 Bionic,3.0,6.1,2021,1.12804
Apple,iPhone 13 Pro 512GB,204.0,6.0,12.0,12.0,A15 Bionic,3.0,6.1,2021,1.1999
Apple,iPhone 13 Pro Max 128GB,238.0,6.0,12.0,12.0,A15 Bionic,4.0,6.7,2021,1.1631
Apple,iPhone 13 Pro Max 256GB,238.0,6.0,12.0,12.0,A15 Bionic,4.0,6.7,2021,1.207
Apple,iPhone 13 Pro Max 512GB,238.0,6.0,12.0,12.0,A15 Bionic,4.0,6.7,2021,1.2788599999999999
Apple,iPhone 12 mini 64GB,135.0,4.0,12.0,12.0,A14 Bionic,2.0,5.4,2020,140.32819999999998
Apple,iPhone 12 mini 128GB,135.0,4.0,12.0,12.0,A14 Bionic,2.0,5.4,2020,160.34659999999997
Apple,iPhone 12 mini 256GB,135.0,4.0,12.0,12.0,A14 Bionic,2.0,5.4,2020,180.43076000000002
Apple,iPhone 12 64GB,164.0,4.0,12.0,12.0,A14 Bionic,2.0,6.1,2020,160.35369999999998
Apple,iPhone 12 128GB,164.0,4.0,12.0,12.0,A14 Bionic,2.0,6.1,2020,180.43786
Apple,iPhone 12 256GB,164.0,4.0,12.0,12.0,A14 Bionic,2.0,6.1,2020,200.50262
Apple,iPhone 12 Pro 128GB,189.0,6.0,12.0,12.0,A14 Bionic,2.0,6.1,2020,200.65098
Apple,iPhone 12 Pro 256GB,189.0,6.0,12.0,12.0,A14 Bionic,2.0,6.1,2020,1.14224
Apple,iPhone 12 Pro 512GB,189.0,6.0,12.0,12.0,A14 Bionic,2.0,6.1,2020,1.207
Apple,iPhone 12 Pro Max 128GB,228.0,6.0,12.0,12.0,A14 Bionic,3.0,6.7,2020,1.1773
Apple,iPhone 12 Pro Max 256GB,228.0,6.0,12.0,12.0,A14 Bionic,3.0,6.7,2020,1.2141
Apple,iPhone 12 Pro Max 512GB,228.0,6.0,12.0,12.0,A14 Bionic,3.0,6.7,2020,1.2788599999999999
Apple,iPhone 11 64GB,194.0,4.0,12.0,12.0,A13 Bionic,3.0,6.1,2019,140.30624999999998
Apple,iPhone 11 128GB,194.0,4.0,12.0,12.0,A13 Bionic,3.0,6.1,2019,160.33594999999997
Apple,iPhone 11 256GB,194.0,4.0,12.0,12.0,A13 Bionic,3.0,6.1,2019,180.44807
Apple,iPhone 11 Pro 64GB,188.0,4.0,12.0,12.0,A13 Bionic,3.0,5.8,2019,200.51037000000002
Apple,iPhone 11 Pro 256GB,188.0,4.0,12.0,12.0,A13 Bionic,3.0,5.8,2019,1.02959
Apple,iPhone 11 Pro 512GB,188.0,4.0,12.0,12.0,A13 Bionic,3.0,5.8,2019,1.06639
Apple,iPhone 11 Pro Max 64GB,226.0,4.0,12.0,12.0,A13 Bionic,3.0,6.5,2019,1.05089
Apple,iPhone 11 Pro Max 256GB,226.0,4.0,12.0,12.0,A13 Bionic,3.0,6.5,2019,1.11565
Apple,iPhone 11 Pro Max 512GB,226.0,4.0,12.0,12.0,A13 Bionic,3.0,6.5,2019,1.15245
Apple,iPhone X 64GB,174.0,3.0,7.0,12.0,A11 Bionic,2.0,5.8,2017,200.50464
Apple,iPhone X 256GB,174.0,3.0,7.0,12.0,A11 Bionic,2.0,5.8,2017,0.9959
Apple,iPhone XS 64GB,177.0,4.0,7.0,12.0,A12 Bionic,2.0,5.8,2018,200.59425000000002
Apple,iPhone XS 256GB,177.0,4.0,7.0,12.0,A12 Bionic,2.0,5.8,2018,1.08551
Apple,iPhone XS 512GB,177.0,4.0,7.0,12.0,A12 Bionic,2.0,5.8,2018,1.1502700000000001
Apple,iPhone XS Max 64GB,208.0,4.0,7.0,12.0,A12 Bionic,3.0,6.5,2018,1.12057
Apple,iPhone XS Max 256GB,208.0,4.0,7.0,12.0,A12 Bionic,3.0,6.5,2018,1.15737
Apple,iPhone XS Max 512GB,208.0,4.0,7.0,12.0,A12 Bionic,3.0,6.5,2018,1.27659
Apple,iPhone XR 64GB,194.0,3.0,7.0,12.0,A12 Bionic,2.0,6.1,2018,150.32711
Apple,iPhone XR 128GB,194.0,3.0,7.0,12.0,A12 Bionic,2.0,6.1,2018,160.41127
Apple,iPhone XR 256GB,194.0,3.0,7.0,12.0,A12 Bionic,2.0,6.1,2018,180.47603
Apple,iPad Air 10.9-inch 64GB,458.0,4.0,12.0,12.0,A14 Bionic,7.0,10.9,2020,120.17092999999997
Apple,iPad Air 10.9-inch 256GB,458.0,4.0,12.0,12.0,A14 Bionic,7.0,10.9,2020,150.20063
Apple,iPad 10.2-inch 32GB,490.0,3.0,12.0,8.0,A13 Bionic,8.0,10.2,2020,66.01070999999999
Apple,iPad 10.2-inch 128GB,490.0,3.0,12.0,8.0,A13 Bionic,8.0,10.2,2020,86.04041
Apple,iPad Mini 7.9-inch 64GB,300.5,3.0,7.0,8.0,A12 Bionic,5.0,7.9,2019,80.07547
Apple,iPad Mini 7.9-inch 256GB,300.5,3.0,7.0,8.0,A12 Bionic,5.0,7.9,2019,100.10516999999999
Apple,iPad Pro 11-inch 128GB,468.0,4.0,7.0,12.0,A12Z Bionic,7.0,11.0,2020,160.34292999999997
Apple,iPad Pro 11-inch 256GB,468.0,4.0,7.0,12.0,A12Z Bionic,7.0,11.0,2020,180.48023000000003
Apple,iPad Pro 11-inch 512GB,468.0,6.0,7.0,12.0,A12Z Bionic,7.0,11.0,2020,0.93963
Apple,iPad Pro 12.9-inch 128GB,682.0,6.0,7.0,12.0,A12Z Bionic,9.0,12.9,2020,200.52703000000002
Apple,iPad Pro 12.9-inch 256GB,682.0,6.0,7.0,12.0,A12Z Bionic,9.0,12.9,2020,1.05755
Apple,iPad Pro 12.9-inch 512GB,682.0,6.0,7.0,12.0,A12Z Bionic,9.0,12.9,2020,1.12231
Apple,iPad Pro 13-inch 128GB,708.0,6.0,7.0,12.0,A12Z Bionic,10.0,13.0,2020,1.09435
Apple,iPad Pro 13-inch 256GB,708.0,6.0,7.0,12.0,A12Z Bionic,10.0,13.0,2020,1.18171
Apple,iPad Pro 13-inch 512GB,708.0,6.0,7.0,12.0,A12Z Bionic,10.0,13.0,2020,1.3026699999999998
Apple,iPad Pro 13-inch 1TB,708.0,6.0,7.0,12.0,A12Z Bionic,10.0,13.0,2020,1.41133
Apple,iPad Pro 13-inch 2TB,708.0,6.0,7.0,12.0,A12Z Bionic,10.0,13.0,2020,1.56735
Samsung,Galaxy S24 Ultra 128GB,234.0,12.0,12.0,200.0,Exynos 2400,5000.0,6.8,2024,1.1681000000000001
Samsung,Galaxy S24 Ultra 256GB,234.0,12.0,12.0,200.0,Exynos 2400,5000.0,6.8,2024,1.26646
Samsung,Galaxy S24+ 128GB,196.0,8.0,12.0,50.0,Exynos 2400,4800.0,6.6,2024,180.61628000000002
Samsung,Galaxy S24+ 256GB,196.0,8.0,12.0,50.0,Exynos 2400,4800.0,6.6,2024,200.66018000000003
Samsung,Galaxy S24 128GB,168.0,8.0,12.0,50.0,Exynos 2400,4000.0,6.1,2024,160.53021999999999
Samsung,Galaxy S24 256GB,168.0,8.0,12.0,50.0,Exynos 2400,4000.0,6.1,2024,180.60208000000003
Samsung,Galaxy S23 Ultra 128GB,228.0,12.0,12.0,200.0,Snapdragon 8 Gen 2,5000.0,6.8,2023,1.1426
Samsung,Galaxy S23 Ultra 256GB,228.0,12.0,12.0,200.0,Snapdragon 8 Gen 2,5000.0,6.8,2023,1.1865
Samsung,Galaxy S23+ 128GB,196.0,8.0,12.0,50.0,Snapdragon 8 Gen 2,4700.0,6.6,2023,180.56528
Samsung,Galaxy S23+ 256GB,196.0,8.0,12.0,50.0,Snapdragon 8 Gen 2,4700.0,6.6,2023,200.60918
Samsung,Galaxy S23 128GB,168.0,8.0,12.0,50.0,Snapdragon 8 Gen 2,3900.0,6.1,2023,160.48632
Samsung,Galaxy S23 256GB,168.0,8.0,12.0,50.0,Snapdragon 8 Gen 2,3900.0,6.1,2023,180.53021999999999
Samsung,Galaxy S22 Ultra 128GB,228.0,12.0,10.0,108.0,Exynos 2200,5000.0,6.8,2022,1.09624
Samsung,Galaxy S22 Ultra 256GB,228.0,12.0,10.0,108.0,Exynos 2200,5000.0,6.8,2022,1.1681000000000001
Samsung,Galaxy S22+ 128GB,195.0,8.0,10.0,50.0,Exynos 2200,4500.0,6.6,2022,160.53021999999999
Samsung,Galaxy S22+ 256GB,195.0,8.0,10.0,50.0,Exynos 2200,4500.0,6.6,2022,180.60208000000003
Samsung,Galaxy S22 128GB,167.0,8.0,10.0,50.0,Exynos 2200,3800.0,6.1,2022,140.41766
Samsung,Galaxy S22 256GB,167.0,8.0,10.0,50.0,Exynos 2200,3800.0,6.1,2022,160.51602
Samsung,Galaxy Z Fold 5 256GB,254.0,12.0,10.0,50.0,Snapdragon 8 Gen 2,4400.0,7.6,2023,1.53736
Samsung,Galaxy Z Fold 5 512GB,254.0,12.0,10.0,50.0,Snapdragon 8 Gen 2,4400.0,7.6,2023,1.70048
Samsung,Galaxy Z Flip 5 256GB,187.0,8.0,12.0,12.0,Snapdragon 8 Gen 2,3700.0,6.7,2023,200.6745
Samsung,Galaxy Z Flip 5 512GB,187.0,8.0,12.0,12.0,Snapdragon 8 Gen 2,3700.0,6.7,2023,1.14636
Samsung,Galaxy Z Fold 4 256GB,263.0,12.0,10.0,50.0,Snapdragon 8 Gen 1,4400.0,7.6,2022,1.4500000000000002
Samsung,Galaxy Z Fold 4 512GB,263.0,12.0,10.0,50.0,Snapdragon 8 Gen 1,4400.0,7.6,2022,1.6131199999999999
Samsung,Galaxy Z Flip 4 256GB,187.0,8.0,10.0,12.0,Snapdragon 8 Gen 1,3700.0,6.7,2022,200.54818
Samsung,Galaxy Z Flip 4 512GB,187.0,8.0,10.0,12.0,Snapdragon 8 Gen 1,3700.0,6.7,2022,1.0745
Samsung,Galaxy A54 128GB,189.0,6.0,32.0,50.0,Exynos 1380,5000.0,6.4,2023,80.03175
Samsung,Galaxy A54 256GB,189.0,6.0,32.0,50.0,Exynos 1380,5000.0,6.4,2023,90.05015
Samsung,Galaxy A34 128GB,199.0,6.0,13.0,48.0,MediaTek Dimensity 1080,5000.0,6.6,2023,69.98539
Samsung,Galaxy A34 256GB,199.0,6.0,13.0,48.0,MediaTek Dimensity 1080,5000.0,6.6,2023,80.00379
Samsung,Galaxy A24 128GB,195.0,6.0,13.0,50.0,MediaTek Helio G99,5000.0,6.5,2023,59.975059999999985
Samsung,Galaxy A24 256GB,195.0,6.0,13.0,50.0,MediaTek Helio G99,5000.0,6.5,2023,69.99346
Samsung,Galaxy A14 128GB,190.0,4.0,13.0,50.0,Exynos 850,5000.0,6.6,2023,49.9657
Samsung,Galaxy A14 256GB,190.0,4.0,13.0,50.0,Exynos 850,5000.0,6.6,2023,59.979579999999984
Samsung,Galaxy A04 64GB,188.0,4.0,5.0,50.0,Exynos 850,5000.0,6.5,2022,88.85463999999999
Samsung,Galaxy A04 128GB,188.0,4.0,5.0,50.0,Exynos 850,5000.0,6.5,2022,104.31678
Samsung,Galaxy M54 128GB,202.0,8.0,32.0,108.0,Exynos 1380,6000.0,6.7,2023,70.02981
Samsung,Galaxy M54 256GB,202.0,8.0,32.0,108.0,Exynos 1380,6000.0,6.7,2023,80.04369
Samsung,Galaxy M34 128GB,199.0,6.0,13.0,50.0,Exynos 1280,6000.0,6.5,2023,59.970539999999986
Samsung,Galaxy M34 256GB,199.0,6.0,13.0,50.0,Exynos 1280,6000.0,6.5,2023,69.98441999999999
Samsung,Galaxy M14 128GB,202.0,4.0,13.0,50.0,Exynos 850,6000.0,6.6,2023,104.30774
Samsung,Galaxy M14 256GB,202.0,4.0,13.0,50.0,Exynos 850,6000.0,6.6,2023,59.970539999999986
Samsung,Galaxy M04 64GB,188.0,4.0,5.0,13.0,MediaTek Helio P35,5000.0,6.5,2022,88.85012
Samsung,Galaxy M04 128GB,188.0,4.0,5.0,13.0,MediaTek Helio P35,5000.0,6.5,2022,104.30999999999999
Samsung,Galaxy F54 128GB,199.0,8.0,32.0,108.0,Exynos 1380,6000.0,6.7,2023,70.02271
Samsung,Galaxy F54 256GB,199.0,8.0,32.0,108.0,Exynos 1380,6000.0,6.7,2023,80.03658999999999
Samsung,Galaxy F34 128GB,190.0,6.0,13.0,50.0,Exynos 1280,6000.0,6.5,2023,59.972799999999985
Samsung,Galaxy F34 256GB,190.0,6.0,13.0,50.0,Exynos 1280,6000.0,6.5,2023,69.98667999999999
Samsung,Galaxy F14 128GB,198.0,4.0,13.0,50.0,Exynos 850,6000.0,6.6,2023,104.30774
Samsung,Galaxy F14 256GB,198.0,4.0,13.0,50.0,Exynos 850,6000.0,6.6,2023,59.970539999999986
Samsung,Galaxy Note 20 Ultra 128GB,208.0,12.0,10.0,108.0,Exynos 990,4500.0,6.9,2020,0.9651
Samsung,Galaxy Note 20 Ultra 256GB,208.0,12.0,10.0,108.0,Exynos 990,4500.0,6.9,2020,0.78578
Samsung,Galaxy Note 20 128GB,192.0,8.0,10.0,108.0,Exynos 990,4300.0,6.7,2020,200.41166
Samsung,Galaxy Note 20 256GB,192.0,8.0,10.0,108.0,Exynos 990,4300.0,6.7,2020,0.9353999999999999
Samsung,Galaxy Note 10+ 256GB,196.0,12.0,10.0,12.0,Exynos 9825,4300.0,6.8,2019,0.8119799999999999
Samsung,Galaxy Note 10+ 512GB,196.0,12.0,10.0,12.0,Exynos 9825,4300.0,6.8,2019,0.9032399999999999
Samsung,Galaxy Note 10 256GB,168.0,8.0,10.0,12.0,Exynos 9825,3500.0,6.3,2019,190.34722
Samsung,Galaxy Note 10 128GB,168.0,8.0,10.0,12.0,Exynos 9825,3500.0,6.3,2019,180.32172
Samsung,Galaxy Xcover 6 Pro 128GB,235.0,6.0,13.0,50.0,Exynos 1380,4050.0,6.6,2022,100.02691
Samsung,Galaxy Xcover 5 64GB,172.0,4.0,5.0,16.0,Exynos 850,3000.0,5.3,2020,98.86142
Samsung,Galaxy J8 64GB,191.0,4.0,16.0,16.0,Snapdragon 450,3500.0,6.0,2018,83.41413
Samsung,Galaxy J7 Pro 64GB,181.0,3.0,13.0,13.0,Exynos 7870,3600.0,5.5,2017,73.96458
Samsung,Galaxy J6+ 64GB,178.0,4.0,8.0,13.0,Snapdragon 425,3300.0,6.0,2018,71.95779999999999
Samsung,Galaxy J4 16GB,175.0,2.0,5.0,13.0,Exynos 7570,3000.0,5.5,2018,80.94566999999999
Samsung,Galaxy C9 Pro 64GB,189.0,6.0,16.0,16.0,Snapdragon 653,4000.0,6.0,2016,80.05681
Samsung,Galaxy C7 Pro 64GB,165.0,4.0,16.0,16.0,Snapdragon 625,3300.0,5.7,2017,114.34668000000002
Samsung,Galaxy C5 32GB,143.0,4.0,8.0,16.0,Snapdragon 617,2600.0,5.2,2016,93.41284
Samsung,Galaxy W22 5G 256GB,228.0,12.0,10.0,108.0,Snapdragon 888,4500.0,7.6,2021,1.17444
Samsung,Galaxy W21 5G 256GB,229.0,12.0,10.0,108.0,Snapdragon 888,4500.0,7.6,2020,1.0552199999999998
Samsung,Galaxy Tab S9 Ultra 256GB,732.0,12.0,12.0,13.0,Snapdragon 8 Gen 2,11200.0,14.6,2023,0.9202400000000001
Samsung,Galaxy Tab S9+ 256GB,586.0,12.0,12.0,13.0,Snapdragon 8 Gen 2,10090.0,12.4,2023,200.6096
Samsung,Galaxy Tab S9 128GB,498.0,8.0,12.0,13.0,Snapdragon 8 Gen 2,8400.0,11.0,2023,160.51450000000003
Samsung,Galaxy Tab S9 FE 128GB,523.0,6.0,12.0,8.0,Exynos 1380,8000.0,10.9,2023,110.2115
Samsung,Galaxy Tab S8 Ultra 256GB,726.0,12.0,12.0,13.0,Snapdragon 8 Gen 1,11200.0,14.6,2022,0.89894
Samsung,Galaxy Tab S8+ 256GB,567.0,8.0,12.0,13.0,Snapdragon 8 Gen 1,10090.0,12.4,2022,180.577
Samsung,Galaxy Tab S8 128GB,503.0,8.0,12.0,13.0,Snapdragon 8 Gen 1,8000.0,11.0,2022,140.38592
Samsung,Galaxy Tab A9+ 128GB,480.0,8.0,5.0,8.0,Snapdragon 695,7040.0,11.0,2023,94.90822
Samsung,Galaxy Tab A9 64GB,366.0,4.0,2.0,8.0,MediaTek Helio G99,5100.0,8.7,2023,73.98491
Samsung,Galaxy Tab A8 64GB,508.0,4.0,5.0,8.0,Unisoc T618,7040.0,10.5,2022,83.4282
Samsung,Galaxy Tab A7 Lite 32GB,366.0,3.0,2.0,8.0,MediaTek Helio P22T,5100.0,8.7,2021,90.40684000000002
Samsung,Galaxy Tab Active 5 128GB,433.0,6.0,5.0,13.0,Exynos 1380,5050.0,8.0,2024,110.22133999999998
Samsung,Galaxy Tab Active 4 Pro 128GB,674.0,6.0,8.0,13.0,Snapdragon 778G,7600.0,10.1,2022,130.2932
Samsung,Galaxy Tab Active 3 64GB,426.0,4.0,5.0,13.0,Exynos 9810,5050.0,8.0,2020,100.09502
Samsung,Galaxy Tab E 10.1 16GB,490.0,1.5,2.0,5.0,Spreadtrum SC8830,5000.0,10.1,2016,78.15677000000001
Samsung,Galaxy Tab E 8.0 16GB,360.0,1.5,2.0,5.0,Qualcomm MSM8916,5000.0,8.0,2016,63.907540000000004
OnePlus,OnePlus 12 256GB,205.0,12.0,32.0,50.0,Snapdragon 8 Gen 3,5000.0,6.7,2024,160.42591
OnePlus,OnePlus 12R 256GB,203.0,12.0,16.0,50.0,Snapdragon 8 Gen 2,4500.0,6.7,2024,140.25149000000002
OnePlus,OnePlus 11 256GB,205.0,12.0,16.0,50.0,Snapdragon 8 Gen 1,5000.0,6.7,2023,140.26988999999998
OnePlus,OnePlus 11R 256GB,202.0,12.0,16.0,50.0,Snapdragon 8 Gen 1,5000.0,6.7,2023,120.20512999999998
OnePlus,OnePlus Nord 3 256GB,190.0,12.0,16.0,50.0,MediaTek Dimensity 9000,5000.0,6.74,2023,100.09967
OnePlus,OnePlus Nord CE 3 128GB,179.0,8.0,16.0,50.0,Snapdragon 782G,5000.0,6.72,2023,80.02045000000001
OnePlus,OnePlus Nord CE 3 Lite 128GB,195.0,8.0,16.0,108.0,Snapdragon 695,5000.0,6.72,2023,59.990689999999994
OnePlus,OnePlus Nord N30 5G 128GB,192.0,8.0,16.0,64.0,MediaTek Dimensity 6020,5000.0,6.72,2023,104.30870999999999
OnePlus,OnePlus Open 256GB,238.0,16.0,32.0,48.0,Snapdragon 8 Gen 2,4800.0,7.8,2024,0.9651299999999999
OnePlus,OnePlus 10 Pro 256GB,200.0,12.0,32.0,50.0,Snapdragon 8 Gen 1,5000.0,6.7,2022,180.36115
OnePlus,OnePlus 10T 256GB,203.0,12.0,16.0,50.0,Snapdragon 8+ Gen 1,4500.0,6.7,2022,150.26988999999998
OnePlus,OnePlus 9 Pro 256GB,192.0,12.0,16.0,48.0,Snapdragon 888,4500.0,6.7,2021,140.28118999999998
OnePlus,OnePlus 9 128GB,183.0,8.0,16.0,48.0,Snapdragon 888,4500.0,6.55,2021,120.18672999999998
OnePlus,OnePlus 11 Pro 256GB,204.0,16.0,32.0,50.0,Snapdragon 8 Gen 2,5000.0,6.7,2023,180.45387
OnePlus,OnePlus Nord 2T 128GB,190.0,8.0,32.0,50.0,MediaTek Dimensity 1300,4500.0,6.43,2022,80.02265
OnePlus,OnePlus Nord 2 128GB,190.0,8.0,32.0,50.0,MediaTek Dimensity 1200-AI,4500.0,6.43,2021,70.01329
OnePlus,OnePlus Nord N200 64GB,189.0,4.0,16.0,13.0,Snapdragon 480,5000.0,6.49,2021,83.40308999999999
OnePlus,OnePlus Nord N100 64GB,185.0,4.0,8.0,13.0,Qualcomm Snapdragon 460,5000.0,6.52,2020,73.94321
OnePlus,OnePlus 8T Cyberpunk 2077 Edition 256GB,188.0,12.0,16.0,48.0,Snapdragon 865,4500.0,6.55,2020,150.19319000000002
OnePlus,OnePlus 9T 128GB,192.0,8.0,16.0,48.0,Snapdragon 888,4500.0,6.55,2021,130.24439
OnePlus,OnePlus 8T 256GB,188.0,12.0,16.0,48.0,Snapdragon 865,4500.0,6.55,2020,120.17220999999999
OnePlus,OnePlus 10T 5G 256GB,203.0,12.0,16.0,50.0,Snapdragon 8+ Gen 1,4500.0,6.7,2022,150.26988999999998
OnePlus,OnePlus 9R 5G 128GB,189.0,8.0,16.0,48.0,Snapdragon 870,4500.0,6.55,2021,120.19382999999998
OnePlus,OnePlus 8 Pro 256GB,199.0,12.0,16.0,48.0,Snapdragon 865,4510.0,6.78,2020,150.25569
OnePlus,OnePlus 8 128GB,180.0,8.0,16.0,48.0,Snapdragon 865,4300.0,6.55,2020,140.16995
OnePlus,OnePlus Nord CE 2 Lite 128GB,195.0,6.0,16.0,64.0,MediaTek Dimensity 900,5000.0,6.59,2022,104.31123
OnePlus,OnePlus Nord CE 2 128GB,173.0,8.0,16.0,64.0,MediaTek Dimensity 1200,4500.0,6.43,2022,60.007799999999996
OnePlus,OnePlus Nord 1 128GB,184.0,6.0,16.0,48.0,Snapdragon 765G,4115.0,6.44,2020,69.99489
OnePlus,OnePlus Nord CE 5G 128GB,170.0,6.0,16.0,64.0,Snapdragon 750G,4500.0,6.43,2021,60.00296000000001
OnePlus,OnePlus Nord 2 5G 128GB,189.0,8.0,32.0,50.0,MediaTek Dimensity 1200-AI,4500.0,6.43,2021,80.02038999999999
OnePlus,OnePlus Nord N100 5G 64GB,185.0,4.0,8.0,13.0,Qualcomm Snapdragon 460,5000.0,6.52,2020,73.94321
OnePlus,OnePlus Nord N10 5G 128GB,190.0,6.0,16.0,64.0,Qualcomm Snapdragon 690,4300.0,6.49,2020,59.960149999999985
OnePlus,OnePlus 8R 128GB,192.0,8.0,16.0,48.0,Snapdragon 865,4300.0,6.55,2020,130.16995
OnePlus,OnePlus 7R 128GB,190.0,6.0,16.0,48.0,Snapdragon 855,3700.0,6.41,2020,120.15606999999997
OnePlus,OnePlus 6T McLaren Edition 256GB,185.0,10.0,16.0,20.0,Snapdragon 845,3700.0,6.41,2018,160.29401000000001
OnePlus,OnePlus 5T Star Wars Edition 128GB,162.0,6.0,16.0,16.0,Snapdragon 835,3300.0,6.01,2017,130.13282999999998
OnePlus,OnePlus 13R 128GB,210.0,8.0,16.0,50.0,Snapdragon 8 Gen 2,4500.0,6.7,2023,170.45387
OnePlus,OnePlus 11T 128GB,202.0,12.0,32.0,50.0,Snapdragon 8 Gen 2,5000.0,6.7,2023,160.41171
OnePlus,OnePlus 10R 128GB,205.0,8.0,16.0,50.0,MediaTek Dimensity 8100,4500.0,6.7,2022,120.22353000000001
OnePlus,OnePlus 7 Pro 5G 256GB,206.0,12.0,16.0,48.0,Snapdragon 855,4000.0,6.67,2019,160.32855
OnePlus,OnePlus 6 Special Edition 128GB,177.0,6.0,16.0,20.0,Snapdragon 845,3300.0,6.28,2018,120.14670999999998
OnePlus,OnePlus 5 Special Edition 128GB,155.0,8.0,16.0,20.0,Snapdragon 835,3300.0,5.5,2017,120.14089999999999
OnePlus,OnePlus Nord X 128GB,190.0,8.0,32.0,64.0,Snapdragon 765G,4000.0,6.44,2020,60.01361000000001
OnePlus,OnePlus 8 Pro McLaren Edition 256GB,199.0,12.0,16.0,48.0,Snapdragon 865,4510.0,6.78,2020,180.32855
OnePlus,OnePlus 8T Cyberpunk Edition 256GB,188.0,12.0,16.0,48.0,Snapdragon 865,4500.0,6.55,2020,160.32629000000003
OnePlus,OnePlus 7T Pro 5G McLaren Edition 256GB,206.0,12.0,16.0,48.0,Snapdragon 855,4085.0,6.67,2019,180.38621
OnePlus,OnePlus 15R 128GB,210.0,12.0,32.0,50.0,Snapdragon 8 Gen 3,5000.0,6.7,2023,170.46097
OnePlus,OnePlus 14+ 128GB,202.0,8.0,16.0,64.0,Snapdragon 8 Gen 2,4800.0,6.55,2023,160.40041000000002
OnePlus,OnePlus 13 Pro 256GB,215.0,12.0,32.0,50.0,Snapdragon 8 Gen 2,5000.0,6.7,2023,180.45387
OnePlus,OnePlus 12T 5G 256GB,200.0,12.0,16.0,50.0,Snapdragon 8 Gen 2,5000.0,6.7,2023,170.42591
OnePlus,OnePlus Pad,550.0,8.0,8.0,13.0,MediaTek Dimensity 9000,9510.0,11.61,2023,100.09322
OnePlus,OnePlus Pad 2,550.0,8.0,8.0,13.0,MediaTek Dimensity 9000,9510.0,11.61,2024,110.13958
OnePlus,OnePlus Pad Pro,610.0,12.0,16.0,50.0,Snapdragon 8 Gen 3,11000.0,12.4,2024,160.32465
Vivo,X200 128GB,223.0,12.0,32.0,50.0,Dimensity 9400,6000.0,6.78,2024,200.54137
Vivo,X200 256GB,223.0,12.0,32.0,50.0,Dimensity 9400,6000.0,6.78,2024,1.00613
Vivo,X200 Pro 256GB,223.0,16.0,32.0,200.0,Dimensity 9400,6000.0,6.78,2024,1.09029
Vivo,X200 Pro 512GB,223.0,16.0,32.0,200.0,Dimensity 9400,6000.0,6.78,2024,1.15505
Vivo,X200 Pro Mini 256GB,187.0,16.0,32.0,50.0,Dimensity 9400,5700.0,6.31,2024,190.51167
Vivo,V40e 128GB,179.0,8.0,44.0,64.0,Snapdragon 778G,4100.0,6.44,2024,90.06591
Vivo,Y200 GT 128GB,190.0,12.0,16.0,64.0,Dimensity 1200,5000.0,6.58,2024,80.04751
Vivo,T3 5G 128GB,180.0,8.0,16.0,50.0,Snapdragon 870,5000.0,6.67,2024,70.02911
Vivo,Y100 5G 128GB,181.0,8.0,16.0,64.0,Dimensity 900,4500.0,6.38,2024,59.98629999999999
Vivo,S18 Pro 256GB,189.0,12.0,32.0,108.0,Snapdragon 8 Gen 2,4700.0,6.56,2024,120.19642999999999
Vivo,V30 Pro 128GB,192.0,12.0,32.0,64.0,Dimensity 1100,4500.0,6.44,2024,110.11227000000001
Vivo,iQOO 12 256GB,210.0,16.0,16.0,50.0,Snapdragon 8 Gen 3,5000.0,6.78,2024,140.24278999999999
Vivo,Z3 64GB,162.0,6.0,12.0,16.0,Snapdragon 710,3315.0,6.3,2018,98.86491000000001
Vivo,V9 64GB,150.0,4.0,24.0,16.0,Snapdragon 626,3260.0,6.3,2018,87.40858
Vivo,X9 Plus 128GB,199.0,6.0,20.0,16.0,Snapdragon 653,4000.0,5.88,2017,59.99444
Vivo,Y81 32GB,146.0,3.0,5.0,13.0,MediaTek Helio P22,3260.0,6.22,2018,87.67332000000002
Vivo,X5Max 16GB,146.0,2.0,5.0,13.0,Snapdragon 615,2300.0,5.5,2014,77.95225
Vivo,V5 Plus 64GB,158.0,4.0,20.0,16.0,Snapdragon 625,3055.0,5.5,2017,98.86491000000001
Vivo,Y95 64GB,163.0,4.0,20.0,13.0,Snapdragon 439,4030.0,6.22,2018,77.95225
Vivo,V3 Max 32GB,168.0,4.0,8.0,13.0,Snapdragon 652,3000.0,5.5,2016,71.21892
Vivo,X3S 16GB,153.0,1.0,5.0,13.0,MediaTek MT6592,2000.0,5.0,2014,80.14767
Vivo,Y66 32GB,155.0,3.0,16.0,13.0,Snapdragon 430,3000.0,5.5,2017,71.22331
Vivo,V19 128GB,176.0,8.0,32.0,48.0,Qualcomm Snapdragon 712,4500.0,6.44,2020,80.00618999999999
Vivo,V19 256GB,176.0,8.0,32.0,48.0,Qualcomm Snapdragon 712,4500.0,6.44,2020,86.04674
Vivo,V17 Pro 128GB,201.0,8.0,32.0,48.0,Qualcomm Snapdragon 675,4100.0,6.44,2019,80.00974
Vivo,V17 Pro 256GB,201.0,8.0,32.0,48.0,Qualcomm Snapdragon 675,4100.0,6.44,2019,86.05481
Vivo,Y12s 64GB,191.0,3.0,8.0,13.0,MediaTek Helio P35,5000.0,6.51,2020,89.59295999999999
Vivo,Y12s 128GB,191.0,4.0,8.0,13.0,MediaTek Helio P35,5000.0,6.51,2020,73.9405
Vivo,S1 Pro 128GB,185.0,6.0,32.0,48.0,MediaTek Helio P65,4500.0,6.38,2019,104.33209
Vivo,S1 Pro 256GB,185.0,6.0,32.0,48.0,MediaTek Helio P65,4500.0,6.38,2019,53.99586000000001
Vivo,Y11 32GB,190.0,3.0,8.0,13.0,Qualcomm Snapdragon 439,5000.0,6.35,2019,87.59295999999999
Vivo,Y11 64GB,190.0,3.0,8.0,13.0,Qualcomm Snapdragon 439,5000.0,6.35,2019,69.2175
Vivo,V15 128GB,190.0,6.0,32.0,48.0,MediaTek Helio P70,4000.0,6.53,2019,59.98424
Vivo,V15 256GB,190.0,6.0,32.0,48.0,MediaTek Helio P70,4000.0,6.53,2019,63.99682999999999
Vivo,X27 Pro 128GB,190.0,8.0,32.0,48.0,Qualcomm Snapdragon 710,4000.0,6.39,2019,100.05933
Vivo,X27 Pro 256GB,190.0,8.0,32.0,48.0,Qualcomm Snapdragon 710,4000.0,6.39,2019,110.07192
Vivo,Y30 128GB,193.0,4.0,8.0,13.0,MediaTek Helio P35,5000.0,6.47,2020,80.66718
Vivo,Y30 64GB,193.0,3.0,8.0,13.0,MediaTek Helio P35,5000.0,6.47,2020,69.21085000000001
Vivo,Z1 Pro 64GB,159.0,4.0,16.0,16.0,Qualcomm Snapdragon 712,4500.0,6.53,2019,98.84876999999999
Vivo,Z1 Pro 128GB,159.0,6.0,16.0,16.0,Qualcomm Snapdragon 712,4500.0,6.53,2019,114.33532
Vivo,X21 128GB,156.0,6.0,12.0,12.0,Qualcomm Snapdragon 660,3200.0,6.28,2018,69.99231
Vivo,X21 64GB,156.0,4.0,12.0,12.0,Qualcomm Snapdragon 660,3200.0,6.28,2018,114.3051
Vivo,V23e 128GB,172.0,8.0,50.0,64.0,MediaTek Helio G96,4050.0,6.44,2021,59.95530999999998
Vivo,V23e 256GB,172.0,8.0,50.0,64.0,MediaTek Helio G96,4050.0,6.44,2021,69.9679
Vivo,Y33s 128GB,182.0,8.0,16.0,50.0,MediaTek Helio G80,5000.0,6.58,2021,96.85006000000001
Vivo,Y33s 64GB,182.0,4.0,16.0,50.0,MediaTek Helio G80,5000.0,6.58,2021,79.39373
Vivo,X60 Pro 256GB,190.0,12.0,32.0,48.0,Qualcomm Snapdragon 870,4200.0,6.56,2021,180.11516999999998
Vivo,X60 Pro 512GB,190.0,12.0,32.0,48.0,Qualcomm Snapdragon 870,4200.0,6.56,2021,200.21599
Vivo,V20 Pro 128GB,173.0,8.0,44.0,64.0,Qualcomm Snapdragon 765G,4000.0,6.44,2020,100.00167
Vivo,V20 Pro 256GB,173.0,8.0,44.0,64.0,Qualcomm Snapdragon 765G,4000.0,6.44,2020,110.01426
Vivo,Y75 5G 128GB,179.0,8.0,16.0,50.0,MediaTek Dimensity 700,5000.0,6.58,2021,69.99618000000001
Vivo,Y75 5G 256GB,179.0,8.0,16.0,50.0,MediaTek Dimensity 700,5000.0,6.58,2021,80.00877
Vivo,Y53s 128GB,190.0,6.0,16.0,64.0,MediaTek Helio G80,5000.0,6.58,2021,94.8478
Vivo,Y53s 64GB,190.0,6.0,16.0,64.0,MediaTek Helio G80,5000.0,6.58,2021,79.39147
Vivo,V15 Pro 128GB,185.0,6.0,32.0,48.0,Qualcomm Snapdragon 675,3700.0,6.39,2019,79.99812
Vivo,V15 Pro 256GB,185.0,6.0,32.0,48.0,Qualcomm Snapdragon 675,3700.0,6.39,2019,90.01070999999999
Vivo,X70 Pro 128GB,185.0,8.0,32.0,50.0,MediaTek Dimensity 1200,4450.0,6.56,2021,150.17919
Vivo,X70 Pro 256GB,185.0,8.0,32.0,50.0,MediaTek Dimensity 1200,4450.0,6.56,2021,160.19759
Vivo,T1 5G 128GB,181.0,6.0,16.0,50.0,Qualcomm Snapdragon 695,5000.0,6.58,2022,108.29960999999999
Vivo,T1 5G 256GB,181.0,8.0,16.0,50.0,Qualcomm Snapdragon 695,5000.0,6.58,2022,63.961119999999994
Vivo,X30 Pro 128GB,199.0,8.0,32.0,64.0,Qualcomm Snapdragon 855,4200.0,6.44,2019,180.20436999999998
Vivo,X30 Pro 256GB,199.0,8.0,32.0,64.0,Qualcomm Snapdragon 855,4200.0,6.44,2019,190.25525
Vivo,V27 128GB,182.0,8.0,50.0,50.0,MediaTek Dimensity 8200,4600.0,6.78,2023,120.03200999999999
Vivo,V27 256GB,182.0,8.0,50.0,50.0,MediaTek Dimensity 8200,4600.0,6.78,2023,130.07029999999997
Vivo,V27 Pro 128GB,182.0,8.0,50.0,50.0,MediaTek Dimensity 8200,4600.0,6.78,2023,140.07837
Vivo,V27 Pro 256GB,182.0,8.0,50.0,50.0,MediaTek Dimensity 8200,4600.0,6.78,2023,150.14316
Vivo,V25 Pro 128GB,190.0,8.0,32.0,64.0,MediaTek Dimensity 1300,4830.0,6.56,2022,120.02296999999999
Vivo,V25 Pro 256GB,190.0,8.0,32.0,64.0,MediaTek Dimensity 1300,4830.0,6.56,2022,130.03627
Vivo,X90 Pro 256GB,221.0,12.0,32.0,50.0,MediaTek Dimensity 9200,4870.0,6.78,2022,0.8283699999999999
Vivo,X90 Pro 512GB,221.0,12.0,32.0,50.0,MediaTek Dimensity 9200,4870.0,6.78,2022,0.95469
Vivo,Y100 128GB,190.0,8.0,16.0,64.0,MediaTek Dimensity 900,4500.0,6.44,2023,79.96724999999999
Vivo,Y100 256GB,190.0,8.0,16.0,64.0,MediaTek Dimensity 900,4500.0,6.44,2023,90.00554
Vivo,T2 Series 128GB,190.0,8.0,16.0,64.0,Qualcomm Snapdragon 695,4500.0,6.44,2023,114.30219
Vivo,T2 Series 256GB,190.0,8.0,16.0,64.0,Qualcomm Snapdragon 695,4500.0,6.44,2023,69.96144
Vivo,V23 5G 128GB,179.0,8.0,50.0,64.0,MediaTek Dimensity 920,4200.0,6.44,2022,100.02038999999999
Vivo,V23 5G 256GB,179.0,8.0,50.0,64.0,MediaTek Dimensity 920,4200.0,6.44,2022,110.06319999999998
Vivo,X80 256GB,206.0,12.0,32.0,50.0,MediaTek Dimensity 9000,4700.0,6.78,2022,180.36361
Vivo,X80 512GB,206.0,12.0,32.0,50.0,MediaTek Dimensity 9000,4700.0,6.78,2022,200.42837000000003
Vivo,Y21 128GB,182.0,4.0,8.0,13.0,MediaTek Helio P35,5000.0,6.51,2021,77.94321
Vivo,Y21 64GB,182.0,4.0,8.0,13.0,MediaTek Helio P35,5000.0,6.51,2021,68.48830000000001
Vivo,Pad 128GB,498.0,6.0,8.0,13.0,Snapdragon 870,8040.0,11.0,2022,66.03265999999999
Vivo,Pad 2 256GB,535.0,8.0,8.0,50.0,MediaTek Dimensity 1200,8040.0,11.0,2023,80.07901999999999
Vivo,Pad Air 128GB,510.0,6.0,8.0,13.0,Snapdragon 870,8040.0,10.4,2023,110.37269999999998
Vivo,Pad 3 128GB,500.0,6.0,8.0,13.0,Snapdragon 750G,8040.0,11.0,2023,70.03124
Vivo,Pad 3 Pro 256GB,550.0,8.0,8.0,50.0,Snapdragon 888,8040.0,12.3,2023,90.09968
Vivo,Pad 4 Pro 256GB,560.0,8.0,8.0,50.0,MediaTek Dimensity 9000,8040.0,12.9,2024,100.14377999999999
iQOO,Pad 128GB,520.0,6.0,8.0,13.0,Snapdragon 870,8040.0,11.0,2023,70.04299
iQOO,Pad 2 256GB,540.0,8.0,8.0,50.0,Snapdragon 888,8040.0,12.3,2024,80.09160999999999
iQOO,Pad 2 Pro 256GB,555.0,8.0,8.0,50.0,Snapdragon 8 Gen 1,8040.0,12.3,2024,90.11227
Oppo,Find N3 512GB,239.0,12.0,32.0,48.0,Snapdragon 8 Gen 2,4805.0,7.82,2023,1.29557
Oppo,Find N3 Flip 256GB,198.0,12.0,32.0,50.0,MediaTek Dimensity 9200,4300.0,6.8,2023,200.51877000000002
Oppo,Find X8 Pro 256GB,210.0,12.0,32.0,50.0,Snapdragon 8 Gen 2,5000.0,6.8,2024,1.13245
Oppo,Find X8 256GB,195.0,8.0,32.0,50.0,Snapdragon 8 Gen 2,4800.0,6.7,2024,1.02379
Oppo,Reno13 F 4G 256GB,192.0,8.0,32.0,50.0,MediaTek Helio G100,5800.0,6.67,2025,100.09387
Oppo,Reno13 F 256GB,192.0,8.0,32.0,50.0,MediaTek Helio G100,5800.0,6.67,2025,100.09387
Oppo,Reno13 Pro 512GB,210.0,12.0,50.0,50.0,MediaTek Dimensity 8350,5800.0,6.83,2025,160.29625
Oppo,Reno13 256GB,200.0,12.0,50.0,50.0,MediaTek Dimensity 8350,5600.0,6.59,2025,140.21309
Oppo,Reno12 F 4G 256GB,187.0,8.0,32.0,50.0,Snapdragon 685,5000.0,6.7,2024,90.07547
Oppo,Reno12 F 256GB,187.0,8.0,32.0,50.0,Snapdragon 685,5000.0,6.7,2024,90.07547
Oppo,Reno12 Pro 512GB,190.0,12.0,32.0,50.0,MediaTek Dimensity 8200,4600.0,6.74,2024,150.27785
Oppo,Reno12 256GB,185.0,8.0,32.0,50.0,MediaTek Dimensity 7050,5000.0,6.7,2024,120.16673
Oppo,Reno11 F 256GB,185.0,8.0,32.0,64.0,MediaTek Dimensity 7050,5000.0,6.7,2024,100.09387
Oppo,Reno11 Pro 512GB,190.0,12.0,32.0,50.0,MediaTek Dimensity 8200,4600.0,6.74,2024,140.23148999999998
Oppo,A5 Pro 256GB,180.0,8.0,16.0,50.0,Dimensity 7300,6000.0,6.7,2024,120.16673
Oppo,A5 Pro 512GB,186.0,12.0,16.0,50.0,Dimensity 7300,6000.0,6.7,2024,140.21309
Oppo,A80 256GB,186.0,8.0,8.0,50.0,Dimensity 6300,5100.0,6.67,2024,100.09387
Oppo,A3 4G 128GB,186.0,4.0,5.0,50.0,Snapdragon 6s 4G Gen 1,5000.0,6.7,2024,80.02911
Oppo,A3x 4G 128GB,186.0,4.0,8.0,8.0,Snapdragon 6s 4G Gen 1,5100.0,6.67,2024,90.06513999999999
Oppo,A3x 4G 256GB,186.0,6.0,8.0,8.0,Snapdragon 6s 4G Gen 1,5100.0,6.67,2024,100.07547
Oppo,A3 128GB,186.0,4.0,5.0,50.0,Snapdragon 6s 4G Gen 1,5000.0,6.7,2024,80.02911
Oppo,A3x 128GB,186.0,4.0,8.0,8.0,Snapdragon 6s 4G Gen 1,5100.0,6.67,2024,90.06513999999999
Oppo,A3x 256GB,186.0,6.0,8.0,8.0,Snapdragon 6s 4G Gen 1,5100.0,6.67,2024,100.07547
Oppo,A60 128GB,186.0,8.0,8.0,50.0,Snapdragon 680 4G,5000.0,6.67,2024,90.07547
Oppo,A60 256GB,186.0,8.0,8.0,50.0,Snapdragon 680 4G,5000.0,6.67,2024,100.08579999999999
Oppo,K12 Plus 256GB,192.0,8.0,16.0,50.0,Snapdragon 7 Gen 3,6400.0,6.7,2024,140.23148999999998
Oppo,K12 Plus 512GB,192.0,12.0,16.0,50.0,Snapdragon 7 Gen 3,6400.0,6.7,2024,160.27785
Oppo,F27 128GB,175.0,8.0,32.0,64.0,Dimensity 7050,5000.0,6.7,2024,100.09387
Oppo,F27 256GB,175.0,8.0,32.0,64.0,Dimensity 7050,5000.0,6.7,2024,110.15865999999998
Oppo,F27 Pro+ 256GB,177.0,8.0,32.0,64.0,Dimensity 7050,5000.0,6.7,2024,120.16673
Oppo,F27 Pro+ 512GB,177.0,12.0,32.0,64.0,Dimensity 7050,5000.0,6.7,2024,140.21309
Oppo,F25 Pro 128GB,173.0,8.0,32.0,64.0,Snapdragon 778G,4500.0,6.55,2023,110.08579999999999
Oppo,F25 Pro 256GB,173.0,8.0,32.0,64.0,Snapdragon 778G,4500.0,6.55,2023,120.14832999999999
Oppo,Pad 3 128GB,533.0,8.0,8.0,13.0,Dimensity 8350,9510.0,11.6,2024,140.21309
Oppo,Pad 3 256GB,533.0,12.0,8.0,13.0,Dimensity 8350,9510.0,11.6,2024,160.23148999999998
Oppo,Pad 3 Pro 256GB,586.0,12.0,8.0,13.0,Snapdragon 8 Gen 3,9510.0,12.1,2024,180.33231
Oppo,Pad 3 Pro 512GB,586.0,16.0,8.0,13.0,Snapdragon 8 Gen 3,9510.0,12.1,2024,200.35071
Oppo,Pad Neo 128GB,520.0,6.0,8.0,13.0,Snapdragon 870,8360.0,11.0,2023,100.09387
Oppo,Pad Neo 256GB,520.0,8.0,8.0,13.0,Snapdragon 870,8360.0,11.0,2023,120.16673
Oppo,Find X7 Ultra 256GB,221.0,12.0,32.0,50.0,Snapdragon 8 Gen 3,5000.0,6.82,2024,1.00119
Oppo,Find X7 Ultra 512GB,221.0,16.0,32.0,50.0,Snapdragon 8 Gen 3,5000.0,6.82,2024,1.06595
Oppo,Find X7 256GB,206.0,12.0,32.0,50.0,Dimensity 9300,5000.0,6.78,2024,0.8819700000000001
Oppo,Find X7 512GB,206.0,16.0,32.0,50.0,Dimensity 9300,5000.0,6.78,2024,1.00119
Oppo,Find X6 Pro 256GB,218.0,12.0,32.0,50.0,Snapdragon 8 Gen 2,5000.0,6.82,2023,200.46357
Oppo,Find X6 Pro 512GB,218.0,16.0,32.0,50.0,Snapdragon 8 Gen 2,5000.0,6.82,2023,0.9827899999999999
Oppo,Find X6 256GB,207.0,12.0,32.0,50.0,Dimensity 9200,4800.0,6.74,2023,180.39881
Oppo,Find X6 512GB,207.0,16.0,32.0,50.0,Dimensity 9200,4800.0,6.74,2023,200.46357
Oppo,Find X5 Pro 256GB,218.0,12.0,32.0,50.0,Snapdragon 8 Gen 1,5000.0,6.7,2022,180.41721
Oppo,Find X5 Pro 512GB,218.0,16.0,32.0,50.0,Snapdragon 8 Gen 1,5000.0,6.7,2022,200.48197
Oppo,Find X5 256GB,196.0,8.0,32.0,50.0,Snapdragon 888,4800.0,6.55,2022,160.29799
Oppo,Find N2 Flip 256GB,191.0,8.0,32.0,50.0,Dimensity 9000+,4300.0,6.8,2023,180.39881
Oppo,Find N2 Flip 512GB,191.0,12.0,32.0,50.0,Dimensity 9000+,4300.0,6.8,2023,200.46357
Oppo,Find N2 256GB,233.0,12.0,32.0,50.0,Snapdragon 8+ Gen 1,4520.0,7.1,2022,0.8819700000000001
Oppo,Reno10 5G 128GB,180.0,8.0,32.0,64.0,Dimensity 7050,5.0,6.7,2023,100.08784999999999
Oppo,Reno10 5G 256GB,180.0,8.0,32.0,64.0,Dimensity 7050,5.0,6.7,2023,110.16554999999998
Oppo,Reno10 Pro 5G 256GB,186.0,12.0,32.0,50.0,Snapdragon 778G,4.0,6.7,2023,120.21223
Oppo,Reno10 Pro+ 5G 256GB,194.0,16.0,32.0,50.0,Snapdragon 8+ Gen 1,4.0,6.74,2023,140.25612999999998
Oppo,Reno9 5G 128GB,174.0,8.0,32.0,64.0,Snapdragon 778G,4.0,6.7,2022,90.06009
Oppo,Reno9 5G 256GB,174.0,12.0,32.0,64.0,Snapdragon 778G,4.0,6.7,2022,100.08332999999999
Oppo,Reno9 Pro 5G 256GB,184.0,16.0,32.0,50.0,Dimensity 8100,4.0,6.7,2022,120.20060999999998
Oppo,Reno9 Pro+ 5G 256GB,192.0,16.0,32.0,50.0,Snapdragon 8+ Gen 1,4.0,6.7,2022,130.24450999999996
Oppo,Reno8 5G 128GB,179.0,8.0,32.0,50.0,Dimensity 1300,4.0,6.4,2022,80.03911
Oppo,Reno8 5G 256GB,179.0,12.0,32.0,50.0,Dimensity 1300,4.0,6.4,2022,90.05751000000001
Oppo,Reno8 Pro 5G 256GB,183.0,12.0,32.0,50.0,Dimensity 8100,4.0,6.7,2022,110.12485
Oppo,Reno8 Pro+ 5G 256GB,195.0,12.0,32.0,50.0,Dimensity 8100,4.0,6.7,2022,120.19545000000001
Oppo,Reno7 5G 128GB,173.0,8.0,32.0,64.0,Dimensity 900,4.0,6.4,2021,70.00178999999999
Oppo,Reno7 5G 256GB,173.0,12.0,32.0,64.0,Dimensity 900,4.0,6.4,2021,80.04589
Oppo,Reno7 Pro 5G 256GB,180.0,12.0,32.0,50.0,Dimensity 1200,4.0,6.55,2021,100.07591
Oppo,Reno6 5G 128GB,182.0,8.0,32.0,64.0,Dimensity 900,4.0,6.43,2021,70.03200999999999
Oppo,Reno6 5G 256GB,182.0,12.0,32.0,64.0,Dimensity 900,4.0,6.43,2021,80.04589
Oppo,Reno6 Pro 5G 128GB,177.0,8.0,32.0,64.0,Dimensity 1200,4.0,6.55,2021,90.06881
Oppo,Reno6 Pro 5G 256GB,177.0,12.0,32.0,64.0,Dimensity 1200,4.0,6.55,2021,100.11517
Oppo,Reno6 Pro+ 5G 256GB,188.0,12.0,32.0,50.0,Snapdragon 870,4.0,6.55,2021,120.19512999999999
Oppo,Reno5 5G 128GB,180.0,8.0,32.0,64.0,Snapdragon 765G,4.0,6.43,2020,60.01813
Oppo,Reno5 5G 256GB,180.0,12.0,32.0,64.0,Snapdragon 765G,4.0,6.43,2020,70.03200999999999
Oppo,Reno5 Pro 5G 128GB,173.0,8.0,32.0,64.0,Dimensity 1000+,4.0,6.55,2020,80.04589
Oppo,Reno5 Pro 5G 256GB,173.0,12.0,32.0,64.0,Dimensity 1000+,4.0,6.55,2020,90.08998999999999
Oppo,Reno5 Pro+ 5G 256GB,184.0,12.0,32.0,50.0,Snapdragon 865,4.0,6.55,2020,120.17672999999999
Oppo,Reno4 5G 128GB,183.0,8.0,32.0,48.0,Snapdragon 765G,4.0,6.43,2020,114.32963
Oppo,Reno4 5G 256GB,183.0,8.0,32.0,48.0,Snapdragon 765G,4.0,6.43,2020,70.01813
Oppo,Reno4 Pro 5G 256GB,172.0,12.0,32.0,48.0,Snapdragon 765G,4.0,6.55,2020,100.09676999999999
Oppo,Reno3 5G 128GB,181.0,8.0,32.0,64.0,Dimensity 1000L,4.0,6.4,2019,98.87201
Oppo,Reno3 5G 256GB,181.0,12.0,32.0,64.0,Dimensity 1000L,4.0,6.4,2019,60.01102999999999
Oppo,Reno3 Pro 5G 256GB,171.0,12.0,32.0,48.0,Snapdragon 765G,4.0,6.5,2019,100.07127
Oppo,A59 5G 128GB,186.0,6.0,8.0,13.0,MediaTek Dimensity 6020,5.0,6.56,2023,39.94175
Oppo,A59 5G 256GB,186.0,8.0,8.0,13.0,MediaTek Dimensity 6020,5.0,6.56,2023,45.94982
Oppo,A58 5G 256GB,188.0,8.0,8.0,50.0,MediaTek Dimensity 700,5.0,6.56,2022,49.96015
Oppo,A57 5G 128GB,186.0,6.0,8.0,13.0,MediaTek Dimensity 810,5.0,6.56,2022,43.94046
Oppo,A56 5G 128GB,189.0,6.0,8.0,13.0,MediaTek Dimensity 700,5.0,6.5,2021,39.93678
Oppo,A55 5G 128GB,186.0,6.0,8.0,13.0,MediaTek Dimensity 700,5.0,6.5,2021,89.61493
Oppo,A54 5G 128GB,190.0,6.0,16.0,48.0,Qualcomm Snapdragon 480,5.0,6.5,2021,43.94046
Oppo,A53 5G 128GB,175.0,4.0,8.0,16.0,MediaTek Dimensity 720,4.0,6.5,2020,84.88825
Oppo,A52 5G 128GB,184.0,4.0,8.0,12.0,MediaTek Dimensity 720,4.0,6.5,2020,80.16157000000001
Oppo,A51 5G 128GB,186.0,4.0,8.0,13.0,MediaTek Dimensity 700,4.0,6.5,2020,73.43489
Oppo,A50 5G 128GB,185.0,4.0,8.0,13.0,MediaTek Dimensity 700,4.0,6.5,2020,96.61229
Oppo,A49 5G 128GB,185.0,4.0,8.0,13.0,MediaTek Dimensity 700,4.0,6.5,2020,89.08961
Oppo,A40 128GB,186.0,4.0,5.0,50.0,Qualcomm Snapdragon 6s Gen 1,5.0,6.67,2024,39.953050000000005
Oppo,A40 256GB,186.0,6.0,5.0,50.0,Qualcomm Snapdragon 6s Gen 1,5.0,6.67,2024,45.96338000000001
Oppo,K11x 128GB,195.0,8.0,16.0,108.0,Qualcomm Snapdragon 695,5.0,6.72,2023,39.96499
Oppo,K11x 256GB,195.0,12.0,16.0,108.0,Qualcomm Snapdragon 695,5.0,6.72,2023,45.973060000000004
Oppo,K10x 128GB,195.0,6.0,16.0,64.0,Qualcomm Snapdragon 695,5.0,6.59,2022,39.956920000000004
Oppo,K10x 256GB,195.0,8.0,16.0,64.0,Qualcomm Snapdragon 695,5.0,6.59,2022,45.96499
Oppo,K10 5G 128GB,205.0,8.0,16.0,64.0,MediaTek Dimensity 8000-Max,5.0,6.59,2022,49.970800000000004
Oppo,K9x 128GB,194.0,6.0,16.0,64.0,MediaTek Dimensity 810,5.0,6.5,2021,39.95111
Oppo,K9x 256GB,194.0,8.0,16.0,64.0,MediaTek Dimensity 810,5.0,6.5,2021,45.95918
Oppo,K9 Pro 5G 128GB,180.0,8.0,16.0,64.0,MediaTek Dimensity 1200,4.0,6.43,2021,60.01361000000001
Oppo,K9 Pro 5G 256GB,180.0,12.0,16.0,64.0,MediaTek Dimensity 1200,4.0,6.43,2021,66.02394
Oppo,K9 5G 128GB,172.0,8.0,32.0,64.0,Qualcomm Snapdragon 768G,4.0,6.43,2021,55.97402999999999
Oppo,K9 5G 256GB,172.0,8.0,32.0,64.0,Qualcomm Snapdragon 768G,4.0,6.43,2021,60.010059999999996
Oppo,K7x 128GB,194.0,6.0,16.0,48.0,MediaTek Dimensity 720,5.0,6.5,2020,39.9453
Oppo,K7 5G 128GB,180.0,8.0,32.0,48.0,Qualcomm Snapdragon 765G,4.0,6.4,2020,55.960149999999985
Oppo,K7 5G 256GB,180.0,8.0,32.0,48.0,Qualcomm Snapdragon 765G,4.0,6.4,2020,59.99618
Oppo,K11 128GB,184.0,8.0,16.0,64.0,Qualcomm Snapdragon 782G,5.0,6.7,2023,51.97886999999999
Oppo,K11 256GB,184.0,12.0,16.0,64.0,Qualcomm Snapdragon 782G,5.0,6.7,2023,60.017160000000004
Oppo,K10 5G 256GB,205.0,12.0,16.0,64.0,MediaTek Dimensity 8000-Max,5.0,6.59,2022,56.00909
Realme,GT 7 Pro 128GB,222.8,12.0,16.0,50.0,Qualcomm Snapdragon 8 Elite,6.0,6.78,2024,94.37037
Realme,GT 7 Pro 256GB,222.8,16.0,16.0,50.0,Qualcomm Snapdragon 8 Elite,6.0,6.78,2024,100.39103
Realme,GT 6 128GB,191.0,8.0,32.0,50.0,Qualcomm Snapdragon 8s Gen 3,5.0,6.78,2023,76.25719
Realme,GT 6 256GB,191.0,12.0,32.0,50.0,Qualcomm Snapdragon 8s Gen 3,5.0,6.78,2023,80.26526
Realme,GT 6 512GB,191.0,16.0,32.0,50.0,Qualcomm Snapdragon 8s Gen 3,5.0,6.78,2023,84.30129
Realme,GT 6T 128GB,191.0,8.0,32.0,50.0,Qualcomm Snapdragon 7 Plus Gen 3,5.0,6.78,2023,72.2333
Realme,GT 6T 256GB,191.0,8.0,32.0,50.0,Qualcomm Snapdragon 7 Plus Gen 3,5.0,6.78,2023,76.24136999999999
Realme,14 Pro+ 5G 256GB,184.0,12.0,16.0,50.0,Qualcomm Snapdragon 7s Gen 3,6.0,6.83,2025,68.25396
Realme,14 Pro+ 5G 512GB,184.0,12.0,16.0,50.0,Qualcomm Snapdragon 7s Gen 3,6.0,6.83,2025,72.26203
Realme,14 Pro 5G 128GB,184.0,8.0,16.0,50.0,MediaTek Dimensity 7300 Energy,5.0,6.7,2025,64.23200999999999
Realme,14 Pro 5G 256GB,184.0,8.0,16.0,50.0,MediaTek Dimensity 7300 Energy,5.0,6.7,2025,68.24008
Realme,14x 5G 128GB,190.0,6.0,16.0,48.0,Qualcomm Snapdragon 7s Gen 2,5.0,6.6,2025,106.98179999999999
Realme,14x 5G 256GB,190.0,8.0,16.0,48.0,Qualcomm Snapdragon 7s Gen 2,5.0,6.6,2025,58.218129999999995
Realme,13+ 5G 128GB,185.0,8.0,16.0,50.0,MediaTek Dimensity 7200,5.0,6.5,2024,99.13357
Realme,13+ 5G 256GB,185.0,8.0,16.0,50.0,MediaTek Dimensity 7200,5.0,6.5,2024,106.95383999999999
Realme,13 5G 128GB,190.0,6.0,16.0,50.0,MediaTek Dimensity 6100+,5.0,6.6,2024,87.67142999999999
Realme,13 5G 256GB,190.0,8.0,16.0,50.0,MediaTek Dimensity 6100+,5.0,6.6,2024,94.9471
Realme,13 Pro 5G 128GB,192.0,8.0,16.0,50.0,Qualcomm Snapdragon 7s Gen 2,5.0,6.7,2024,60.22393999999999
Realme,13 Pro 5G 256GB,192.0,12.0,16.0,50.0,Qualcomm Snapdragon 7s Gen 2,5.0,6.7,2024,64.23200999999999
Realme,13 Pro+ 5G 256GB,195.0,12.0,32.0,50.0,Qualcomm Snapdragon 7+ Gen 2,5.0,6.78,2024,72.25396
Realme,13 Pro+ 5G 512GB,195.0,16.0,32.0,50.0,Qualcomm Snapdragon 7+ Gen 2,5.0,6.78,2024,76.28998999999999
Realme,P1 Speed 5G 128GB,185.0,8.0,16.0,64.0,MediaTek Dimensity 8100,5.0,6.7,2024,99.12324
Realme,P1 Speed 5G 256GB,185.0,12.0,16.0,64.0,MediaTek Dimensity 8100,5.0,6.7,2024,106.39891
Realme,P2 Pro 5G 256GB,188.0,12.0,32.0,50.0,Qualcomm Snapdragon 7+ Gen 3,5.0,6.78,2024,68.24589
Realme,P2 Pro 5G 512GB,188.0,16.0,32.0,50.0,Qualcomm Snapdragon 7+ Gen 3,5.0,6.78,2024,72.25396
Realme,P1 5G 128GB,184.0,6.0,16.0,50.0,MediaTek Dimensity 6100+,5.0,6.6,2024,79.30656
Realme,P1 5G 256GB,184.0,8.0,16.0,50.0,MediaTek Dimensity 6100+,5.0,6.6,2024,86.58223
Realme,P1 Pro 5G 128GB,190.0,8.0,16.0,64.0,Qualcomm Snapdragon 7s Gen 1,5.0,6.7,2024,106.40117000000001
Realme,P1 Pro 5G 256GB,190.0,12.0,16.0,64.0,Qualcomm Snapdragon 7s Gen 1,5.0,6.7,2024,58.21006
Realme,Narzo 70 Turbo 5G 128GB,200.0,8.0,16.0,50.0,MediaTek Dimensity 810,5.0,6.6,2024,94.94484
Realme,Narzo 70 Turbo 5G 256GB,200.0,8.0,16.0,50.0,MediaTek Dimensity 810,5.0,6.6,2024,102.22050999999999
Realme,Narzo N61 128GB,195.0,6.0,16.0,50.0,MediaTek Helio G99,5.0,6.5,2024,72.03089
Realme,Narzo N63 128GB,193.0,6.0,16.0,50.0,MediaTek Helio G88,5.0,6.5,2024,64.75961
Realme,Narzo N65 5G 128GB,198.0,8.0,16.0,50.0,MediaTek Dimensity 700,5.0,6.6,2024,84.57854999999999
Realme,Narzo 70 5G 128GB,198.0,8.0,16.0,50.0,MediaTek Dimensity 810,5.0,6.6,2024,91.30962
Realme,C75 128GB,190.0,6.0,8.0,50.0,MediaTek Helio G85,5.0,6.6,2024,64.75961
Realme,C75 256GB,190.0,8.0,8.0,50.0,MediaTek Helio G85,5.0,6.6,2024,72.03528
Realme,C61 128GB,189.0,4.0,8.0,50.0,Unisoc T612,5.0,6.5,2024,78.44158
Realme,C67 128GB,195.0,6.0,8.0,50.0,MediaTek Helio G88,5.0,6.6,2024,67.85249
Realme,C67 256GB,195.0,8.0,8.0,50.0,MediaTek Helio G88,5.0,6.6,2024,75.12816000000001
Realme,C65 128GB,192.0,6.0,8.0,50.0,Qualcomm Snapdragon 680,5.0,6.6,2024,64.75961
Realme,C65 256GB,192.0,8.0,8.0,50.0,Qualcomm Snapdragon 680,5.0,6.6,2024,72.03528
Realme,C63 128GB,191.0,6.0,8.0,50.0,MediaTek Helio G85,5.0,6.6,2024,61.6697
Realme,C55 128GB,189.0,6.0,8.0,64.0,MediaTek Helio G88,5.0,6.72,2023,67.85249
Realme,C55 256GB,189.0,8.0,8.0,64.0,MediaTek Helio G88,5.0,6.72,2023,75.12816000000001
Realme,Note 60x 128GB,198.0,6.0,16.0,50.0,MediaTek Dimensity 6100+,5.0,6.6,2024,84.57854999999999
Realme,Note 60 128GB,196.0,6.0,16.0,50.0,MediaTek Dimensity 810,5.0,6.6,2024,88.76062999999999
Realme,Note 60 256GB,196.0,8.0,16.0,50.0,MediaTek Dimensity 810,5.0,6.6,2024,96.03630000000001
Realme,Note 50 128GB,195.0,6.0,16.0,50.0,MediaTek Helio G99,5.0,6.5,2024,67.85688
Realme,GT 7 128GB,199.0,8.0,16.0,50.0,Qualcomm Snapdragon 8 Gen 2,5.0,6.8,2024,88.33259999999999
Realme,GT 7 256GB,199.0,12.0,16.0,50.0,Qualcomm Snapdragon 8 Gen 2,5.0,6.8,2024,100.35681
Realme,Neo 7 128GB,193.0,8.0,16.0,64.0,MediaTek Dimensity 8200,5.0,6.7,2024,66.23427
Realme,Neo 7 256GB,193.0,12.0,16.0,64.0,MediaTek Dimensity 8200,5.0,6.7,2024,76.25847999999999
Realme,P2 Pro 5G 128GB,195.0,8.0,16.0,50.0,MediaTek Dimensity 9200,5.0,6.7,2024,70.24234
Realme,P2 Pro 5G 256GB,195.0,12.0,16.0,50.0,MediaTek Dimensity 9200,5.0,6.7,2024,80.26655
Realme,Pad 64GB,440.0,4.0,8.0,8.0,MediaTek Helio G80,7.0,10.4,2021,80.41177
Realme,Pad 128GB,440.0,6.0,8.0,8.0,MediaTek Helio G80,7.0,10.4,2021,92.41412
Realme,Pad 2 128GB,482.0,6.0,8.0,8.0,MediaTek Helio G99,8.0,11.5,2023,56.22393999999999
Realme,Pad 2 256GB,482.0,8.0,8.0,8.0,MediaTek Helio G99,8.0,11.5,2023,64.24008
Realme,Pad 2 Lite 64GB,466.0,4.0,8.0,8.0,MediaTek Helio G85,7.0,10.4,2023,76.22898
Realme,Pad 2 Lite 128GB,466.0,6.0,8.0,8.0,MediaTek Helio G85,7.0,10.4,2023,84.05067
Realme,Pad X 64GB,499.0,4.0,8.0,13.0,Qualcomm Snapdragon 695,8.0,11.0,2022,62.23200999999999
Realme,Pad X 128GB,499.0,6.0,8.0,13.0,Qualcomm Snapdragon 695,8.0,11.0,2022,70.24815
Realme,Pad Mini 32GB,372.0,3.0,5.0,8.0,Unisoc T616,6.0,8.7,2022,64.76910000000001
Realme,Pad Mini 64GB,372.0,4.0,5.0,8.0,Unisoc T616,6.0,8.7,2022,72.04477
Realme,Pad Slim 64GB,440.0,4.0,8.0,8.0,MediaTek Helio G80,7.0,10.4,2022,79.86646
Realme,Pad Slim 128GB,440.0,6.0,8.0,8.0,MediaTek Helio G80,7.0,10.4,2022,87.68744
Realme,TechLife Pad Neo 64GB,465.0,4.0,8.0,8.0,MediaTek Helio G85,7.0,10.5,2024,84.04925
Realme,TechLife Pad Neo 128GB,465.0,6.0,8.0,8.0,MediaTek Helio G85,7.0,10.5,2024,92.41412
Xiaomi,Xiaomi 15 Pro 256GB,210.0,12.0,32.0,50.0,Snapdragon 8 Elite,6.0,6.73,2024,160.44561000000002
Xiaomi,Xiaomi 15 Pro 512GB,210.0,16.0,32.0,50.0,Snapdragon 8 Elite,6.0,6.73,2024,180.48241000000002
Xiaomi,Xiaomi 15 Pro 1TB,210.0,16.0,32.0,50.0,Snapdragon 8 Elite,6.0,6.73,2024,200.60163
Xiaomi,Xiaomi 15 256GB,190.0,12.0,32.0,50.0,Snapdragon 8 Elite,5.0,6.36,2024,140.32639
Xiaomi,Xiaomi 15 512GB,190.0,16.0,32.0,50.0,Snapdragon 8 Elite,5.0,6.36,2024,160.41765000000004
Xiaomi,Xiaomi 14T Pro 256GB,209.0,12.0,32.0,50.0,Dimensity 9300+,5.0,6.67,2024,127.47802999999999
Xiaomi,Xiaomi 14T Pro 512GB,209.0,12.0,32.0,50.0,Dimensity 9300+,5.0,6.67,2024,158.69878999999997
Xiaomi,Xiaomi 14T Pro 1TB,209.0,12.0,32.0,50.0,Dimensity 9300+,5.0,6.67,2024,180.43605
Xiaomi,Xiaomi 14T 256GB,195.0,12.0,32.0,50.0,Dimensity 8300-Ultra,5.0,6.67,2024,120.25453
Xiaomi,Xiaomi 14T 512GB,195.0,12.0,32.0,50.0,Dimensity 8300-Ultra,5.0,6.67,2024,140.29133
Xiaomi,Xiaomi 14 Pro 256GB,206.0,12.0,32.0,50.0,Snapdragon 8 Gen 3,5.0,6.73,2023,160.39925
Xiaomi,Xiaomi 14 Pro 512GB,206.0,12.0,32.0,50.0,Snapdragon 8 Gen 3,5.0,6.73,2023,180.46400999999997
Xiaomi,Xiaomi 14 256GB,189.0,12.0,32.0,50.0,Snapdragon 8 Gen 3,4.0,6.36,2023,140.28002999999998
Xiaomi,Xiaomi 14 512GB,189.0,12.0,32.0,50.0,Snapdragon 8 Gen 3,4.0,6.36,2023,160.39925
Xiaomi,Redmi Note 14 Pro+ 5G 128GB,205.0,8.0,16.0,200.0,Snapdragon 7s Gen 3,5.0,6.67,2024,75.21910999999999
Xiaomi,Redmi Note 14 Pro+ 5G 256GB,205.0,12.0,16.0,200.0,Snapdragon 7s Gen 3,5.0,6.67,2024,80.05299
Xiaomi,Redmi Note 14 Pro+ 5G 512GB,205.0,16.0,16.0,200.0,Snapdragon 7s Gen 3,5.0,6.67,2024,86.09483
Xiaomi,Redmi Note 14 Pro 5G 128GB,195.0,8.0,16.0,108.0,MediaTek Dimensity 7300-Ultra,5.0,6.67,2024,70.02748999999999
Xiaomi,Redmi Note 14 Pro 5G 256GB,195.0,12.0,16.0,108.0,MediaTek Dimensity 7300-Ultra,5.0,6.67,2024,76.04137
Xiaomi,Redmi Note 14 Pro 4G 128GB,190.0,6.0,16.0,108.0,Qualcomm Snapdragon 732G,5.0,6.67,2024,59.98565
Xiaomi,Redmi Note 14 Pro 4G 256GB,190.0,8.0,16.0,108.0,Qualcomm Snapdragon 732G,5.0,6.67,2024,66.02748999999999
Xiaomi,Redmi Note 14 5G 128GB,185.0,6.0,16.0,50.0,MediaTek Dimensity 7025-Ultra,5.0,6.67,2024,55.97176999999999
Xiaomi,Redmi Note 14 5G 256GB,185.0,8.0,16.0,50.0,MediaTek Dimensity 7025-Ultra,5.0,6.67,2024,62.01361000000001
Xiaomi,Redmi Note 14 4G 128GB,180.0,4.0,16.0,50.0,Qualcomm Snapdragon 680,5.0,6.67,2024,104.30897
Xiaomi,Redmi Note 14 4G 256GB,180.0,6.0,16.0,50.0,Qualcomm Snapdragon 680,5.0,6.67,2024,55.97176999999999
Xiaomi,Redmi 14C 5G 64GB,195.0,4.0,8.0,50.0,MediaTek Dimensity 700,5.0,6.5,2024,83.40083
Xiaomi,Redmi 14C 5G 128GB,195.0,6.0,8.0,50.0,MediaTek Dimensity 700,5.0,6.5,2024,94.8549
Lenovo,Legion Y70 128GB,209.0,8.0,16.0,50.0,Snapdragon 8+ Gen 1,5.0,6.67,2022,100.14777
Lenovo,Legion Y70 256GB,209.0,12.0,16.0,50.0,Snapdragon 8+ Gen 1,5.0,6.67,2022,110.22772999999998
Lenovo,Legion Y70 512GB,209.0,16.0,16.0,50.0,Snapdragon 8+ Gen 1,5.0,6.67,2022,120.28119
Lenovo,K14 Plus 64GB,198.0,4.0,8.0,48.0,Unisoc T700,5.0,6.5,2022,80.66169
Lenovo,K14 Plus 128GB,198.0,6.0,8.0,48.0,Unisoc T700,5.0,6.5,2022,92.11576
Lenovo,K13 Pro 128GB,200.0,6.0,16.0,64.0,Snapdragon 662,5.0,6.8,2021,101.56983
Lenovo,K13 32GB,190.0,2.0,5.0,13.0,Unisoc SC9863A,5.0,6.52,2021,87.65988999999999
Lenovo,K13 Note 64GB,200.0,4.0,8.0,48.0,Snapdragon 460,5.0,6.5,2021,80.66395
Lenovo,K10 Plus 64GB,172.0,4.0,16.0,13.0,Snapdragon 632,4.0,6.22,2019,73.93514
Lenovo,A6 Note 32GB,172.0,3.0,5.0,13.0,Helio P22,4.0,6.09,2019,87.66441
Lenovo,K10 Note 64GB,164.0,4.0,16.0,16.0,Snapdragon 710,4.0,6.3,2019,87.39147
Lenovo,K10 Note 128GB,164.0,6.0,16.0,16.0,Snapdragon 710,4.0,6.3,2019,98.84554
Lenovo,Z6 Pro 128GB,185.0,6.0,32.0,48.0,Snapdragon 855,4.0,6.39,2019,86.04751
Lenovo,Z6 Pro 256GB,185.0,8.0,32.0,48.0,Snapdragon 855,4.0,6.39,2019,96.09387
Lenovo,Z5 Pro 64GB,210.0,6.0,16.0,16.0,Snapdragon 710,3.0,6.39,2018,59.96466999999999
Motorola,Edge 50 Fusion 128GB,168.0,8.0,32.0,50.0,Snapdragon 7 Gen 1,5.0,6.7,2024,100.07460999999999
Motorola,Edge 50 Fusion 256GB,168.0,12.0,32.0,50.0,Snapdragon 7 Gen 1,5.0,6.7,2024,110.15456999999996
Motorola,Edge 50 Pro 128GB,186.0,8.0,50.0,50.0,Snapdragon 7 Gen 3,4.0,6.7,2024,110.16166999999999
Motorola,Edge 50 Pro 256GB,186.0,12.0,50.0,50.0,Snapdragon 7 Gen 3,4.0,6.7,2024,120.21512999999997
Motorola,Razr 128GB,192.0,8.0,32.0,50.0,Snapdragon 8+ Gen 1,3.0,6.7,2023,200.37781
Motorola,Razr 256GB,192.0,12.0,32.0,50.0,Snapdragon 8+ Gen 1,3.0,6.7,2023,0.83127
Motorola,G84 5G 128GB,166.0,8.0,16.0,50.0,Snapdragon 695,5.0,6.5,2023,59.98144999999998
Motorola,G84 5G 256GB,166.0,12.0,16.0,50.0,Snapdragon 695,5.0,6.5,2023,69.99533
Motorola,Moto G Stylus 64GB,195.0,4.0,16.0,50.0,MediaTek Helio G88,5.0,6.8,2023,83.42375
Motorola,Moto G Stylus 128GB,195.0,6.0,16.0,50.0,MediaTek Helio G88,5.0,6.8,2023,98.88007999999999
Motorola,One Vision 3 128GB,180.0,6.0,25.0,48.0,Exynos 9609,3.0,6.3,2024,59.95304999999998
Motorola,One Vision 3 256GB,180.0,8.0,25.0,48.0,Exynos 9609,3.0,6.3,2024,69.96338
Motorola,Edge 50 Lite 128GB,170.0,6.0,32.0,64.0,Snapdragon 695,5.0,6.7,2024,80.01329
Motorola,Edge 50 Lite 256GB,170.0,8.0,32.0,64.0,Snapdragon 695,5.0,6.7,2024,90.02135999999999
Motorola,Moto E40 Plus 64GB,198.0,4.0,8.0,48.0,Unisoc T700,5.0,6.5,2023,80.66395
Motorola,Moto E40 Plus 128GB,198.0,6.0,8.0,48.0,Unisoc T700,5.0,6.5,2023,92.11802
Motorola,Moto G Power 64GB,206.0,4.0,16.0,50.0,Snapdragon 662,5.0,6.6,2022,101.57661
Motorola,Moto G Power 128GB,206.0,6.0,16.0,50.0,Snapdragon 662,5.0,6.6,2022,55.956599999999995
Motorola,Moto G Play 32GB,203.0,3.0,5.0,13.0,MediaTek Helio G25,5.0,6.5,2022,87.66796
Motorola,Moto G Play 64GB,203.0,4.0,5.0,13.0,MediaTek Helio G25,5.0,6.5,2022,71.21795
Motorola,Moto G75 5G 128GB,205.0,8.0,16.0,50.0,Snapdragon 6 Gen 3,5.0,6.78,2024,64.25041
Motorola,Moto G75 5G 256GB,205.0,8.0,16.0,50.0,Snapdragon 6 Gen 3,5.0,6.78,2024,74.26881
Motorola,Moto S50 128GB,190.0,8.0,32.0,64.0,MediaTek Dimensity 8100,4.0,6.7,2024,60.23200999999999
Motorola,Moto S50 256GB,190.0,12.0,32.0,64.0,MediaTek Dimensity 8100,4.0,6.7,2024,70.25041
Motorola,Edge 50 Neo 256GB,171.0,8.0,32.0,50.0,MediaTek Dimensity 7300,4.0,6.4,2024,80.26881
Motorola,Edge 50 Neo 512GB,171.0,12.0,32.0,50.0,MediaTek Dimensity 7300,4.0,6.4,2024,90.31517
Motorola,Moto G55 128GB,182.0,8.0,16.0,50.0,MediaTek Dimensity 7025,5.0,6.49,2024,54.218129999999995
Motorola,Moto G55 256GB,182.0,8.0,16.0,50.0,MediaTek Dimensity 7025,5.0,6.49,2024,64.23200999999999
Motorola,Moto G35 128GB,188.0,4.0,16.0,50.0,Unisoc T760,5.0,6.72,2024,80.94843
Motorola,Moto G35 256GB,188.0,8.0,16.0,50.0,Unisoc T760,5.0,6.72,2024,100.49507000000001
Motorola,Moto G45 128GB,183.0,6.0,16.0,50.0,Snapdragon 6s Gen 3,5.0,6.5,2024,100.49507000000001
Motorola,Moto G45 256GB,183.0,8.0,16.0,50.0,Snapdragon 6s Gen 3,5.0,6.5,2024,60.218129999999995
Motorola,Edge 50 256GB,180.0,8.0,32.0,50.0,Snapdragon 7s Gen 2,4.0,6.7,2024,90.31517
Motorola,Edge 50 512GB,180.0,12.0,32.0,50.0,Snapdragon 7s Gen 2,4.0,6.7,2024,100.33357
Motorola,Razr 50 Ultra 512GB,189.0,12.0,32.0,50.0,Snapdragon 8+ Gen 1,4.0,6.9,2024,1.01409
Motorola,Razr 50 256GB,188.0,8.0,32.0,50.0,Snapdragon 7 Gen 1,3.0,6.7,2024,200.42301
Motorola,Moto G85 128GB,173.0,8.0,32.0,50.0,Snapdragon 6s Gen 3,5.0,6.67,2024,64.23200999999999
Motorola,Moto G85 256GB,173.0,12.0,32.0,50.0,Snapdragon 6s Gen 3,5.0,6.67,2024,74.25041
Motorola,S50 Neo 256GB,170.0,8.0,32.0,50.0,MediaTek Dimensity 7200,4.0,6.5,2024,60.218129999999995
Motorola,S50 Neo 512GB,170.0,12.0,32.0,50.0,MediaTek Dimensity 7200,4.0,6.5,2024,70.23200999999999
Motorola,Moto E14 64GB,180.0,4.0,8.0,13.0,Unisoc T606,5.0,6.5,2024,87.93048999999999
Motorola,Moto E14 128GB,180.0,4.0,8.0,13.0,Unisoc T606,5.0,6.5,2024,71.48048
Motorola,Edge 256GB,174.0,8.0,32.0,50.0,Snapdragon 7s Gen 2,4.0,6.7,2024,90.31517
Motorola,Edge 512GB,174.0,12.0,32.0,50.0,Snapdragon 7s Gen 2,4.0,6.7,2024,100.33357
Motorola,Moto X50 Ultra 512GB,198.0,12.0,60.0,200.0,Snapdragon 8 Gen 3,5.0,6.9,2024,1.1772099999999999
Motorola,Moto G Stylus 5G 256GB,195.0,6.0,16.0,50.0,Snapdragon 6 Gen 1,5.0,6.8,2024,60.218129999999995
Motorola,Moto G Stylus 5G 512GB,195.0,8.0,16.0,50.0,Snapdragon 6 Gen 1,5.0,6.8,2024,70.23200999999999
Motorola,Edge 50 Ultra 512GB,198.0,12.0,60.0,200.0,Snapdragon 8 Gen 3,5.0,6.9,2024,1.1772099999999999
Motorola,Edge 30 Fusion 128GB,168.0,8.0,32.0,50.0,Snapdragon 888+ 5G,4.0,6.55,2022,140.18803
Motorola,Edge 30 Fusion 256GB,168.0,12.0,32.0,50.0,Snapdragon 888+ 5G,4.0,6.55,2022,150.23439
Motorola,Edge 30 Neo 128GB,155.0,6.0,32.0,64.0,Snapdragon 695 5G,4.0,6.28,2022,100.05041
Motorola,Edge 30 Neo 256GB,155.0,8.0,32.0,64.0,Snapdragon 695 5G,4.0,6.28,2022,110.06880999999998
Motorola,Moto G82 5G 128GB,173.0,6.0,16.0,50.0,Snapdragon 695 5G,5.0,6.6,2022,79.98209999999999
Motorola,Moto G82 5G 256GB,173.0,8.0,16.0,50.0,Snapdragon 695 5G,5.0,6.6,2022,90.02846
Motorola,Moto G62 5G 128GB,184.0,4.0,16.0,50.0,Snapdragon 480+ 5G,5.0,6.5,2022,69.96369999999999
Motorola,Moto G62 5G 256GB,184.0,6.0,16.0,50.0,Snapdragon 480+ 5G,5.0,6.5,2022,79.98209999999999
Motorola,Moto G42 128GB,175.0,4.0,16.0,50.0,Snapdragon 680 4G,5.0,6.4,2022,59.94981999999999
Motorola,Moto G32 128GB,184.0,4.0,16.0,50.0,Snapdragon 680 4G,5.0,6.5,2022,110.29283000000001
Motorola,Moto E32s 64GB,185.0,3.0,8.0,16.0,MediaTek Helio G37,5.0,6.5,2022,108.56803
Motorola,Moto E22i 32GB,169.0,2.0,5.0,16.0,MediaTek Helio G37,4.0,6.5,2022,99.04096
Motorola,Moto E22 64GB,169.0,4.0,5.0,16.0,MediaTek Helio G37,4.0,6.5,2022,108.56435000000002
Motorola,Moto G22 64GB,185.0,4.0,16.0,50.0,MediaTek Helio G37,5.0,6.5,2022,98.83876000000001
Huawei,P50,181.0,8.0,13.0,50.0,Snapdragon 888 4G,4.0,6.5,2021,140.24569
Huawei,P50 Pro,195.0,8.0,13.0,50.0,Snapdragon 888 4G,4.0,6.6,2021,180.38751
Huawei,P50 Pocket,190.0,8.0,10.7,40.0,Snapdragon 888 4G,4.0,6.9,2021,1.0743500000000001
Huawei,Mate 40E,188.0,8.0,13.0,64.0,Kirin 990E 5G,4.0,6.5,2021,160.27539000000002
Huawei,Mate X2,295.0,8.0,16.0,50.0,Kirin 9000 5G,4.0,8.0,2021,2.1759899999999996
Huawei,Nova 9,175.0,8.0,32.0,50.0,Snapdragon 778G 4G,4.0,6.57,2021,100.05718999999999
Huawei,Nova 9 Pro,186.0,8.0,32.0,50.0,Snapdragon 778G 4G,4.0,6.72,2021,120.16962999999998
Huawei,P50E,181.0,8.0,13.0,50.0,Snapdragon 778G 4G,4.0,6.5,2022,130.22728999999998
Huawei,Mate Xs 2,255.0,8.0,10.7,50.0,Snapdragon 888 4G,4.0,7.8,2022,1.88915
Huawei,Mate 50,202.0,8.0,13.0,50.0,Snapdragon 8+ Gen 1 4G,4.0,6.7,2022,200.44097000000002
Huawei,Mate 50 Pro,205.0,8.0,13.0,50.0,Snapdragon 8+ Gen 1 4G,4.0,6.74,2022,0.97149
Huawei,Nova 10,168.0,8.0,60.0,50.0,Snapdragon 778G 4G,4.0,6.67,2022,100.06881
Huawei,Nova 10 Pro,191.0,8.0,60.0,50.0,Snapdragon 778G 4G,4.0,6.78,2022,120.18803
Huawei,Nova 10 SE,184.0,8.0,16.0,108.0,Snapdragon 680 4G,4.0,6.67,2022,80.04330999999999
Huawei,P60,197.0,8.0,13.0,48.0,Snapdragon 8+ Gen 1 4G,4.0,6.67,2023,200.44097000000002
Huawei,P60 Pro,200.0,8.0,13.0,48.0,Snapdragon 8+ Gen 1 4G,4.0,6.67,2023,0.97149
Huawei,P60 Art,206.0,8.0,13.0,48.0,Snapdragon 8+ Gen 1 4G,5.0,6.73,2023,1.06595
Huawei,Mate X3,239.0,12.0,8.0,50.0,Snapdragon 8+ Gen 1 4G,4.0,7.85,2023,2.06415
Huawei,Mate 60,209.0,12.0,13.0,50.0,Kirin 9000S,4.0,6.7,2023,0.97323
Huawei,Mate 60 Pro,225.0,12.0,13.0,50.0,Kirin 9000S,5.0,6.82,2023,1.06769
Huawei,Mate 60 Pro+,235.0,12.0,13.0,50.0,Kirin 9000S,5.0,6.82,2023,1.2095099999999999
Huawei,Nova 11,168.0,8.0,60.0,50.0,Snapdragon 778G 4G,4.0,6.7,2023,100.07301
Huawei,Nova 11 Pro,188.0,8.0,60.0,50.0,Snapdragon 778G 4G,4.0,6.78,2023,120.19222999999997
Huawei,Nova 11 Ultra,188.0,12.0,60.0,50.0,Snapdragon 778G 4G,4.0,6.78,2023,140.22903
Huawei,Pura 70,220.0,12.0,13.0,50.0,Kirin 9010,4.0,6.8,2024,200.44097000000002
Huawei,Pura 70 Pro,220.0,12.0,13.0,50.0,Kirin 9010,5.0,6.8,2024,0.97149
Huawei,Pura 70 Pro+,220.0,12.0,13.0,50.0,Kirin 9010,5.0,6.8,2024,1.04755
Huawei,Pura 70 Ultra,226.0,16.0,13.0,50.0,Kirin 9010,5.0,6.8,2024,1.17807
Huawei,Mate 70,220.0,12.0,13.0,50.0,Kirin 9010,4.0,6.7,2024,180.43141
Huawei,Mate 70 Pro,220.0,12.0,13.0,50.0,Kirin 9010,5.0,6.8,2024,200.50747
Huawei,Mate 70 Pro+,220.0,12.0,13.0,50.0,Kirin 9010,5.0,6.8,2024,1.03799
Huawei,Mate X6,241.0,12.0,8.0,50.0,Kirin 9010,4.0,7.93,2024,2.03619
Huawei,Nova 12,168.0,8.0,60.0,50.0,Kirin 9000S,4.0,6.7,2024,100.07301
Huawei,Nova 12 Pro,188.0,8.0,60.0,50.0,Kirin 9000S,4.0,6.78,2024,120.19222999999997
Huawei,Mate XT 256GB,245.0,12.0,13.0,50.0,Kirin 9010,5.0,7.92,2024,2.14831
Huawei,Mate XT 512GB,245.0,12.0,13.0,50.0,Kirin 9010,5.0,7.92,2024,2.28593
Huawei,Nova 13 256GB,170.0,8.0,50.0,50.0,Kirin 9000S,4.0,6.7,2024,106.1113
Huawei,Nova 13 512GB,170.0,8.0,50.0,50.0,Kirin 9000S,4.0,6.7,2024,120.19222999999997
Huawei,Nova 13 Pro 256GB,190.0,8.0,60.0,50.0,Kirin 9000S,4.0,6.78,2024,130.21062999999998
Huawei,Nova 13 Pro 512GB,190.0,8.0,60.0,50.0,Kirin 9000S,4.0,6.78,2024,146.26731999999998
Nokia,G42 5G 128GB,193.0,4.0,8.0,50.0,Snapdragon 480+,5.0,6.56,2023,92.15772
Nokia,G20 64GB,197.0,4.0,8.0,48.0,MediaTek G35,5.0,6.52,2021,96.04858
Nokia,G20 128GB,197.0,4.0,8.0,48.0,MediaTek G35,5.0,6.52,2021,75.96322
Nokia,C32 64GB,199.0,3.0,8.0,50.0,Unisoc SC9863A,5.0,6.52,2023,80.15961
Nokia,C32 128GB,199.0,4.0,8.0,50.0,Unisoc SC9863A,5.0,6.52,2023,89.68442
Nokia,G21 64GB,190.0,4.0,8.0,50.0,Unisoc T606,5.0,6.5,2022,67.59621999999999
Nokia,G21 128GB,190.0,6.0,8.0,50.0,Unisoc T606,5.0,6.5,2022,75.9618
Nokia,C22 64GB,190.0,2.0,8.0,13.0,Unisoc SC9863A,5.0,6.5,2023,70.6348
Nokia,C22 128GB,190.0,3.0,8.0,13.0,Unisoc SC9863A,5.0,6.5,2023,80.15889999999999
Nokia,G400 128GB,198.0,6.0,16.0,48.0,Snapdragon 480,5.0,6.58,2022,96.89331
Sony,Xperia 1 IV 256GB,185.0,12.0,12.0,12.0,Snapdragon 8 Gen 1,5.0,6.5,2022,1.2415499999999997
Sony,Xperia 5 IV 128GB,172.0,8.0,12.0,12.0,Snapdragon 8 Gen 1,5.0,6.1,2022,200.53081
Sony,Xperia 10 IV 128GB,161.0,6.0,8.0,12.0,Snapdragon 695,5.0,6.0,2022,100.17616999999998
Sony,Xperia 1 V 256GB,187.0,12.0,12.0,48.0,Snapdragon 8 Gen 2,5.0,6.5,2023,1.26705
Sony,Xperia 5 V 128GB,178.0,8.0,12.0,48.0,Snapdragon 8 Gen 2,5.0,6.1,2023,1.03873
Sony,Xperia 10 V 128GB,164.0,6.0,8.0,48.0,Snapdragon 695,5.0,6.1,2023,120.20167
Sony,Xperia 1 VI 256GB,190.0,12.0,12.0,48.0,Snapdragon 8 Gen 3,5.0,6.5,2024,1.37497
Sony,Xperia 5 VI 128GB,180.0,8.0,12.0,48.0,Snapdragon 8 Gen 3,5.0,6.1,2024,1.0571300000000001
Sony,Xperia 10 VI 128GB,167.0,6.0,8.0,48.0,Snapdragon 7 Gen 1,5.0,6.1,2024,140.27452999999997
Nokia,T21,466.0,4.0,8.0,8.0,Unisoc T612,8200.0,10.4,2022,126.68349999999998
Huawei,MatePad Pro 12.2 512GB,508.0,12.0,16.0,13.0,Kirin 9000S,10.0,12.2,2024,200.24581
Huawei,MatePad Pro 13.2 512GB,580.0,12.0,16.0,13.0,Kirin 9000S,10.0,13.2,2024,175.91966999999997
Google,Pixel 3a 64GB,147.0,4.0,8.0,12.2,Snapdragon 670,3.0,5.6,2019,80.04751
Google,Pixel 3a XL 64GB,167.0,4.0,8.0,12.2,Snapdragon 670,3.0,6.0,2019,96.09387
Google,Pixel 4 64GB,162.0,6.0,8.0,12.2,Snapdragon 855,2.0,5.7,2019,160.29305000000002
Google,Pixel 4 XL 64GB,193.0,6.0,8.0,12.2,Snapdragon 855,3.0,6.3,2019,180.35781000000003
Google,Pixel 4a 128GB,143.0,6.0,8.0,12.2,Snapdragon 730G,3.0,5.8,2020,70.04363
Google,Pixel 4a 5G 128GB,168.0,6.0,8.0,12.2,Snapdragon 765G,3.0,6.2,2020,100.09934999999999
Google,Pixel 5 128GB,151.0,8.0,8.0,12.2,Snapdragon 765G,4.0,6.0,2020,140.23019000000002
Google,Pixel 5a 128GB,183.0,6.0,8.0,12.2,Snapdragon 765G,4.0,6.34,2021,90.11064999999999
Google,Pixel 6 128GB,207.0,8.0,8.0,50.0,Google Tensor,4.0,6.4,2021,140.29494999999997
Google,Pixel 6 Pro 256GB,210.0,12.0,11.1,50.0,Google Tensor,5.0,6.71,2021,180.47893000000002
Google,Pixel 6a 128GB,178.0,6.0,8.0,12.2,Google Tensor,4.0,6.1,2022,90.15507
Google,Pixel 7 128GB,197.0,8.0,10.8,50.0,Google Tensor G2,4.0,6.3,2022,120.34131
Google,Pixel 7 Pro 256GB,212.0,12.0,10.8,50.0,Google Tensor G2,5.0,6.7,2022,180.52283000000003
Google,Pixel 7a 128GB,193.0,8.0,10.8,64.0,Google Tensor G2,4.0,6.1,2023,100.21889
Google,Pixel 8 128GB,187.0,8.0,10.5,50.0,Google Tensor G3,4.0,6.2,2023,140.35971
Google,Pixel 8 Pro 256GB,213.0,12.0,10.5,50.0,Google Tensor G3,5.0,6.7,2023,200.58759
Google,Pixel 8a 128GB,194.0,8.0,10.5,64.0,Google Tensor G3,4.0,6.1,2024,110.23729
Google,Pixel 9 128GB,195.0,8.0,10.8,50.0,Google Tensor G4,4.0,6.3,2024,160.43257
Google,Pixel 9 Pro 256GB,216.0,12.0,10.8,50.0,Google Tensor G4,5.0,6.7,2024,1.0717500000000002
Google,Pixel 9 Pro XL 512GB,222.0,16.0,10.8,50.0,Google Tensor G4,5.0,6.8,2024,1.17331
Google,Pixel 9 Pro Fold 512GB,250.0,16.0,10.8,50.0,Google Tensor G4,5.0,7.6,2024,1.5780699999999999
Tecno,Spark Go 1S 64GB,190.0,4.0,8.0,13.0,MediaTek Helio A22,5.0,6.6,2024,75.35509
Tecno,Megapad 11 256GB,450.0,8.0,13.0,50.0,MediaTek G99,8.0,11.0,2024,70.02491
Tecno,Pop 9 4G 64GB,195.0,3.0,5.0,8.0,Unisoc SC9863A,5.0,6.52,2024,58.30902
Tecno,Megapad 128GB,420.0,6.0,12.0,50.0,MediaTek Helio G80,7.0,10.9,2024,60.006510000000006
Tecno,Camon 30S 256GB,198.0,8.0,32.0,50.0,MediaTek Dimensity 810,5.0,6.8,2024,100.08966999999998
Tecno,Spark 30C 5G 128GB,200.0,6.0,16.0,50.0,MediaTek Dimensity 6100+,5.0,6.6,2024,80.67783
Tecno,Spark 30 5G 128GB,195.0,6.0,16.0,50.0,MediaTek Dimensity 6020,5.0,6.6,2024,92.13048
Tecno,Pop 9 64GB,190.0,3.0,5.0,8.0,Unisoc SC9832E,5.0,6.52,2024,52.185050000000004
Tecno,Spark 30 Pro 256GB,205.0,8.0,32.0,50.0,MediaTek Helio G99,5.0,6.8,2024,108.31478
Tecno,Spark 30 128GB,192.0,4.0,16.0,50.0,MediaTek Helio G85,5.0,6.6,2024,73.94676
Tecno,Phantom V Fold2 512GB,280.0,12.0,32.0,64.0,MediaTek Dimensity 9200+,5.0,7.85,2024,1.52751
Tecno,Phantom V Flip2 256GB,195.0,8.0,32.0,50.0,MediaTek Dimensity 8050,4.0,6.9,2024,200.39461
Tecno,Pova 6 Neo 5G 256GB,225.0,8.0,16.0,50.0,MediaTek Dimensity 810,6.0,6.8,2024,70.02491
Tecno,Spark 30C 128GB,190.0,4.0,16.0,50.0,MediaTek Helio G85,5.0,6.6,2024,90.40116
Tecno,Spark Go 1 64GB,195.0,3.0,5.0,8.0,Unisoc SC9863A,5.0,6.52,2024,58.30902
Tecno,Camon 30S Pro 512GB,202.0,12.0,50.0,108.0,MediaTek Dimensity 9200,5.0,6.9,2024,0.8770299999999999
Tecno,Spark 20P 128GB,195.0,4.0,16.0,50.0,MediaTek Helio G85,5.0,6.6,2024,73.95115
Tecno,Spark 20 Pro 5G 256GB,210.0,8.0,32.0,50.0,MediaTek Dimensity 810,5.0,6.8,2024,66.00651
Tecno,Pova 6 Neo 256GB,230.0,8.0,16.0,50.0,MediaTek Helio G99,6.0,6.8,2024,59.97118999999999
Tecno,Camon 30 Premier 512GB,210.0,12.0,50.0,108.0,MediaTek Dimensity 9200,5.0,6.9,2024,0.9417899999999999
Tecno,Camon 30 Pro 512GB,205.0,12.0,50.0,64.0,MediaTek Dimensity 8200,5.0,6.8,2024,180.33941
Tecno,Camon 30 5G 256GB,198.0,8.0,32.0,50.0,MediaTek Dimensity 810,5.0,6.7,2024,100.08966999999998
Tecno,Camon 30 128GB,195.0,6.0,32.0,50.0,MediaTek Helio G99,5.0,6.7,2024,70.02491
Tecno,Pova 6 Pro 512GB,230.0,12.0,32.0,64.0,MediaTek Dimensity 8100,6.0,6.9,2024,0.8770299999999999
Tecno,Spark 20 Pro+ 256GB,210.0,8.0,32.0,50.0,MediaTek Helio G99,5.0,6.8,2024,108.31478
Tecno,Spark 20 Pro 128GB,195.0,6.0,16.0,50.0,MediaTek Helio G85,5.0,6.6,2024,80.67783
Tecno,Spark 20 128GB,192.0,4.0,16.0,50.0,MediaTek Helio G85,5.0,6.6,2024,73.94676
Tecno,Spark 20C 128GB,190.0,4.0,16.0,50.0,MediaTek Helio G85,5.0,6.6,2024,90.40116
Tecno,Spark Go 2024 64GB,195.0,3.0,5.0,8.0,Unisoc SC9863A,5.0,6.52,2024,58.30902
Tecno,Pop 8 64GB,195.0,3.0,5.0,8.0,Unisoc SC9832E,5.0,6.52,2024,52.185050000000004
Tecno,Camon 20s Pro 5G 512GB,202.0,12.0,50.0,108.0,MediaTek Dimensity 9200,5.0,6.9,2024,0.8770299999999999
Tecno,Camon 20s Pro 256GB,202.0,12.0,50.0,108.0,MediaTek Dimensity 810,5.0,6.9,2024,180.30015
Tecno,Camon 20s 256GB,200.0,8.0,32.0,50.0,MediaTek Helio G99,5.0,6.7,2024,90.04330999999999
Tecno,Camon 20 Premier 512GB,205.0,12.0,50.0,108.0,MediaTek Dimensity 8200,5.0,6.8,2024,0.8041699999999998
Tecno,Camon 20 Pro 5G 256GB,200.0,8.0,32.0,50.0,MediaTek Dimensity 810,5.0,6.7,2024,100.08966999999998
Tecno,Camon 20 Pro 128GB,198.0,6.0,32.0,50.0,MediaTek Helio G99,5.0,6.7,2024,70.02491
Tecno,Camon 20 128GB,195.0,6.0,32.0,50.0,MediaTek Helio G99,5.0,6.7,2024,70.02491
Tecno,Pova 5G 512GB,240.0,8.0,32.0,50.0,MediaTek Dimensity 900,6.0,6.9,2024,140.22728999999998
Tecno,Pova 5 256GB,230.0,8.0,16.0,50.0,MediaTek Helio G99,6.0,6.8,2024,66.00651
Infinix,Xpad,450.0,6.0,8.0,13.0,MediaTek Helio G99,7.0,10.1,2024,59.968219999999995
Infinix,Xpad 5G,470.0,8.0,16.0,50.0,MediaTek Dimensity 810,8.0,10.4,2024,80.03200999999999
Infinix,Xpad Lite,420.0,4.0,5.0,8.0,Unisoc T606,6.0,9.7,2024,87.40083
Infinix,Xpad Pro,480.0,12.0,32.0,50.0,MediaTek Dimensity 9200,9.0,11.0,2024,110.09676999999999
Infinix,Hot 50,192.0,6.0,8.0,50.0,MediaTek Helio G85,5.0,6.78,2024,87.40083
Infinix,Hot 50i,190.0,4.0,8.0,50.0,Unisoc T606,5.0,6.6,2024,73.94534
Infinix,Hot 50 5G,195.0,8.0,16.0,50.0,MediaTek Dimensity 810,5.0,6.78,2024,57.95717999999998
Infinix,Hot 50 Pro,194.0,8.0,16.0,50.0,MediaTek Helio G99,5.0,6.8,2024,108.30386999999999
Infinix,Hot 50 Pro+,196.0,12.0,32.0,108.0,MediaTek Dimensity 9200,5.0,6.9,2024,76.01006
Infinix,GT 20 Pro,198.0,12.0,32.0,108.0,MediaTek Dimensity 8200,5.0,6.9,2024,90.04589
Infinix,Note 40X 5G,198.0,8.0,32.0,108.0,MediaTek Dimensity 7200,5.0,6.8,2024,70.0078
Infinix,Note 40S,196.0,8.0,32.0,50.0,MediaTek Helio G99,5.0,6.78,2024,110.29947999999999
Infinix,Note 40 5G,195.0,8.0,32.0,108.0,MediaTek Dimensity 8100,5.0,6.8,2024,63.963699999999996
Infinix,Note 40 Pro 5G,195.0,12.0,32.0,108.0,MediaTek Dimensity 9000,5.0,6.8,2024,80.02252
Infinix,Note 40 Racing Edition,196.0,12.0,32.0,108.0,MediaTek Dimensity 9200,5.0,6.9,2024,90.04589
Infinix,Hot 40,196.0,8.0,32.0,50.0,MediaTek Helio G88,5.0,6.78,2023,80.67047
Infinix,Hot 40i,195.0,4.0,8.0,13.0,Unisoc T606,5.0,6.6,2023,92.39606
Infinix,Hot 40 Pro,195.0,8.0,32.0,108.0,MediaTek Helio G99,5.0,6.78,2023,92.12383
Infinix,Zero 40,195.0,12.0,50.0,108.0,MediaTek Dimensity 8200,5.0,6.78,2024,70.01361
Infinix,Zero 40 5G,195.0,12.0,50.0,108.0,MediaTek Dimensity 8200,5.0,6.78,2024,76.02394
Infinix,Zero Flip,190.0,8.0,32.0,108.0,Qualcomm Snapdragon 778G,4.0,6.7,2024,80.04589
Infinix,Note 40,190.0,8.0,32.0,108.0,MediaTek Helio G99,5.0,6.78,2024,110.30386999999999
Infinix,Note 40 Pro,190.0,12.0,32.0,108.0,MediaTek Dimensity 8100,5.0,6.78,2024,66.00199
Infinix,Hot 30 128GB,196.0,8.0,8.0,50.0,MediaTek Helio G88,5.0,6.78,2023,80.67047
Infinix,Hot 30i 128GB,191.0,4.0,8.0,13.0,Unisoc T606,5.0,6.6,2023,92.39606
Infinix,Hot 30i NFC 128GB,191.0,4.0,8.0,13.0,Unisoc T606,5.0,6.6,2023,92.39903
Infinix,Hot 30 Play 128GB,205.0,4.0,8.0,16.0,MediaTek Helio G37,6.0,6.82,2023,71.21866
Infinix,Hot 30 5G 128GB,202.0,8.0,8.0,50.0,MediaTek Dimensity 810,5.0,6.78,2023,96.85503
Infinix,Zero 30 256GB,185.0,8.0,50.0,108.0,MediaTek Dimensity 8020,5.0,6.78,2023,70.01813
Infinix,Zero 30 5G 256GB,185.0,12.0,50.0,108.0,MediaTek Dimensity 8020,5.0,6.78,2023,76.02846
Infinix,GT 10 Pro 256GB,187.0,8.0,32.0,108.0,MediaTek Dimensity 8050,5.0,6.67,2023,80.04234
Infinix,Hot 12 128GB,195.0,6.0,8.0,13.0,MediaTek Helio G85,5.0,6.82,2022,71.21724
Infinix,Hot 12 Play 128GB,209.0,4.0,8.0,13.0,Unisoc T610,6.0,6.82,2022,92.39322
Infinix,Hot 12 Pro 128GB,191.0,8.0,8.0,50.0,Unisoc T616,5.0,6.6,2022,80.66763
Infinix,Hot 12i 64GB,190.0,4.0,8.0,13.0,MediaTek Helio A22,5.0,6.6,2022,80.14754
Infinix,Hot 20 128GB,198.0,6.0,8.0,50.0,MediaTek Helio G85,5.0,6.82,2022,80.66692
Infinix,Hot 20 Play 128GB,209.0,4.0,8.0,13.0,MediaTek Helio G37,6.0,6.82,2022,92.39393
Infinix,Hot 20s 128GB,202.0,8.0,8.0,50.0,MediaTek Helio G96,5.0,6.78,2022,87.39728
Infinix,Hot 20 5G 128GB,204.0,6.0,8.0,50.0,MediaTek Dimensity 810,5.0,6.6,2022,96.85064
Infinix,Hot 20i 64GB,195.0,4.0,8.0,13.0,MediaTek Helio G25,5.0,6.6,2022,80.14683
Infinix,Hot 10T 128GB,205.0,4.0,8.0,48.0,MediaTek Helio G70,5.0,6.82,2021,87.66950999999999
Infinix,Hot 10S 128GB,211.0,6.0,8.0,48.0,MediaTek Helio G85,6.0,6.82,2021,66.49211
Infinix,Hot 10S NFC 128GB,211.0,6.0,8.0,48.0,MediaTek Helio G85,6.0,6.82,2021,71.21808000000001
Infinix,Hot 10 Lite 64GB,195.0,3.0,8.0,13.0,MediaTek Helio A25,5.0,6.6,2020,63.10289
Infinix,Hot 10 Play 64GB,207.0,4.0,8.0,13.0,MediaTek Helio G25,6.0,6.82,2021,80.14754
Infinix,Hot 11 128GB,201.0,4.0,8.0,13.0,MediaTek Helio G70,5.0,6.6,2021,92.39322
Infinix,Hot 11 Play 128GB,209.0,4.0,8.0,13.0,MediaTek Helio G35,6.0,6.82,2021,69.21511000000001
Infinix,Hot 11s 128GB,205.0,6.0,8.0,50.0,MediaTek Helio G88,5.0,6.78,2021,75.94179
Infinix,Smart HD 32GB,195.0,2.0,5.0,8.0,MediaTek Helio A20,5.0,6.1,2020,46.05753
Infinix,Note 8i 128GB,210.0,6.0,8.0,48.0,MediaTek Helio G80,5.0,6.78,2020,80.66621
Infinix,Note 8 128GB,210.0,6.0,16.0,64.0,MediaTek Helio G80,5.0,6.95,2020,94.84554
Infinix,Zero 8i 128GB,210.0,8.0,16.0,48.0,MediaTek Helio G90T,4.0,6.85,2020,104.29961
Infinix,Hot 10 128GB,204.0,4.0,8.0,16.0,MediaTek Helio G70,5.0,6.78,2020,92.39322
Infinix,Zero 8 128GB,205.0,8.0,48.0,64.0,MediaTek Helio G90T,4.0,6.85,2020,55.956599999999995
Infinix,Smart 5 64GB,195.0,3.0,8.0,13.0,MediaTek Helio A20,5.0,6.6,2020,55.58317999999999
Honor,9X Lite,175.0,4.0,8.0,48.0,Kirin 710F,3.0,6.5,2020,87.40308999999999
Honor,30,185.0,8.0,32.0,40.0,Kirin 985 5G,4.0,6.53,2020,90.02846
Honor,30 Pro,190.0,8.0,32.0,50.0,Kirin 990 5G,4.0,6.57,2020,120.14768
Honor,30 Pro+,192.0,12.0,32.0,50.0,Kirin 990 5G,4.0,6.57,2020,140.19985
Honor,30S,190.0,6.0,16.0,64.0,Kirin 820 5G,4.0,6.5,2020,69.99844
Honor,X10,203.0,6.0,16.0,40.0,Kirin 820 5G,4.0,6.63,2020,63.987399999999994
Honor,X10 Max,227.0,8.0,8.0,48.0,MediaTek Dimensity 800,5.0,7.09,2020,76.01232
Honor,Play 4,213.0,6.0,16.0,64.0,MediaTek Dimensity 800,4.0,6.81,2020,69.99262999999999
Honor,Play 4 Pro,213.0,8.0,32.0,40.0,Kirin 990 5G,4.0,6.57,2020,110.05642
Honor,10X Lite,206.0,4.0,8.0,48.0,Kirin 710A,5.0,6.67,2020,92.11802
Honor,V40,189.0,8.0,16.0,50.0,MediaTek Dimensity 1000+,4.0,6.72,2021,120.13960999999999
Honor,50,175.0,8.0,32.0,108.0,Qualcomm Snapdragon 778G,4.0,6.57,2021,110.11164999999998
Honor,50 Pro,187.0,8.0,32.0,108.0,Qualcomm Snapdragon 778G,4.0,6.72,2021,130.16962999999998
Honor,50 SE,191.0,8.0,16.0,108.0,MediaTek Dimensity 900,4.0,6.78,2021,90.02846
Honor,X20,192.0,6.0,16.0,64.0,MediaTek Dimensity 900,4.0,6.67,2021,76.01232
Honor,X20 SE,179.0,6.0,16.0,64.0,MediaTek Dimensity 700,4.0,6.6,2021,59.970479999999995
Honor,Play 5,179.0,8.0,16.0,64.0,MediaTek Dimensity 800U,3.0,6.53,2021,63.98810999999999
Honor,Play 5T,191.0,6.0,8.0,13.0,Unisoc T610,5.0,6.5,2021,87.39728
Honor,Magic3,202.0,8.0,13.0,50.0,Qualcomm Snapdragon 888,4.0,6.76,2021,180.33275
Honor,Magic3 Pro,213.0,8.0,13.0,50.0,Qualcomm Snapdragon 888+,4.0,6.76,2021,0.8046099999999999
Honor,Magic3 Pro+,236.0,12.0,13.0,50.0,Qualcomm Snapdragon 888+,4.0,6.76,2021,0.93093
Honor,60,179.0,8.0,32.0,108.0,Qualcomm Snapdragon 778G,4.0,6.67,2021,110.12778999999998
Honor,60 Pro,192.0,8.0,50.0,108.0,Qualcomm Snapdragon 778G+,4.0,6.78,2021,130.19158
Honor,60 SE,191.0,8.0,16.0,64.0,MediaTek Dimensity 900,4.0,6.67,2021,90.02846
Honor,X30,189.0,6.0,16.0,48.0,Qualcomm Snapdragon 695,4.0,6.81,2021,76.02038999999999
Honor,X30i,175.0,6.0,16.0,48.0,MediaTek Dimensity 810,4.0,6.7,2021,59.970479999999995
Honor,X30 Max,228.0,8.0,8.0,64.0,MediaTek Dimensity 900,5.0,7.09,2021,100.05267
Honor,Play 6,190.0,6.0,5.0,13.0,MediaTek MT6762G Helio G25,5.0,6.52,2022,73.94321
Honor,Play 6T,198.0,6.0,5.0,13.0,MediaTek Dimensity 700,5.0,6.74,2022,89.40535
Honor,Magic4,199.0,8.0,12.0,50.0,Qualcomm Snapdragon 8 Gen 1,4.0,6.81,2022,180.36503
Honor,Magic4 Pro,215.0,8.0,12.0,50.0,Qualcomm Snapdragon 8 Gen 1,4.0,6.81,2022,0.8414100000000001
Honor,Magic4 Ultimate,242.0,12.0,12.0,50.0,Qualcomm Snapdragon 8 Gen 1,4.0,6.81,2022,0.98613
Honor,Magic V,288.0,12.0,42.0,50.0,Qualcomm Snapdragon 8 Gen 1,4.0,7.9,2022,1.36293
Honor,70,178.0,8.0,32.0,54.0,Qualcomm Snapdragon 778G+,4.0,6.67,2022,110.15329
Honor,70 Pro,192.0,8.0,50.0,54.0,MediaTek Dimensity 8000,4.0,6.78,2022,140.23192999999998
Honor,70 Pro+,209.0,12.0,50.0,54.0,MediaTek Dimensity 9000,4.0,6.78,2022,160.35825000000003
Honor,X40,172.0,6.0,8.0,50.0,Qualcomm Snapdragon 695,5.0,6.67,2022,59.98661999999998
Honor,X40i,175.0,6.0,8.0,50.0,MediaTek Dimensity 700,4.0,6.7,2022,110.31801
Honor,Play 7,196.0,4.0,5.0,13.0,MediaTek Helio G37,5.0,6.74,2023,64.49721
Honor,Play 7T,199.0,6.0,5.0,13.0,MediaTek Dimensity 6020,5.0,6.74,2023,80.67428
Honor,Magic5,204.0,8.0,12.0,50.0,Qualcomm Snapdragon 8 Gen 2,5.0,6.81,2023,200.39505000000003
Honor,Magic5 Pro,219.0,12.0,12.0,50.0,Qualcomm Snapdragon 8 Gen 2,5.0,6.81,2023,0.98613
Honor,Magic5 Ultimate,234.0,16.0,12.0,50.0,Qualcomm Snapdragon 8 Gen 2,5.0,6.81,2023,1.1492499999999999
Honor,Magic Vs,267.0,12.0,16.0,50.0,Qualcomm Snapdragon 8+ Gen 1,5.0,7.9,2023,1.37713
Honor,80,180.0,8.0,32.0,160.0,Qualcomm Snapdragon 782G,4.0,6.67,2022,110.15329
Honor,80 Pro,193.0,12.0,50.0,160.0,Qualcomm Snapdragon 8+ Gen 1,4.0,6.78,2022,160.35115000000002
Honor,80 SE,175.0,8.0,32.0,64.0,MediaTek Dimensity 900,4.0,6.67,2022,80.0189
Honor,X50,185.0,6.0,8.0,108.0,Qualcomm Snapdragon 6 Gen 1,5.0,6.78,2023,59.99823999999999
Honor,X50i,179.0,6.0,8.0,100.0,MediaTek Dimensity 6020,4.0,6.7,2023,98.8733
Honor,Play 8,191.0,4.0,5.0,13.0,MediaTek Helio G36,5.0,6.52,2023,87.67461
Honor,Play 8T,195.0,6.0,5.0,50.0,MediaTek Dimensity 6100+,5.0,6.74,2023,75.9476
Honor,Magic6,203.0,8.0,12.0,50.0,Qualcomm Snapdragon 8 Gen 3,5.0,6.81,2024,0.8598099999999999
Honor,Magic6 Pro,219.0,12.0,12.0,50.0,Qualcomm Snapdragon 8 Gen 3,5.0,6.81,2024,1.0229300000000001
Honor,Magic6 Ultimate,234.0,16.0,12.0,50.0,Qualcomm Snapdragon 8 Gen 3,5.0,6.81,2024,1.21401
Honor,Magic V2,231.0,12.0,16.0,50.0,Qualcomm Snapdragon 8 Gen 2,5.0,7.92,2024,1.44189
Honor,90,183.0,12.0,50.0,200.0,Qualcomm Snapdragon 7 Gen 1,5.0,6.7,2023,120.18556999999998
Honor,90 Pro,192.0,12.0,50.0,200.0,Qualcomm Snapdragon 8+ Gen 1,5.0,6.78,2023,140.25743
Honor,90 SE,175.0,8.0,32.0,64.0,MediaTek Dimensity 900,4.0,6.67,2023,80.0189
Honor,X60,185.0,6.0,8.0,108.0,Qualcomm Snapdragon 6 Gen 1,5.0,6.78,2023,59.99823999999999
Honor,X60i,179.0,6.0,8.0,100.0,MediaTek Dimensity 6020,4.0,6.7,2023,98.8733
Honor,Play 9,191.0,4.0,5.0,13.0,MediaTek Helio G36,5.0,6.52,2023,87.67461
Honor,Play 9T,195.0,6.0,5.0,50.0,MediaTek Dimensity 6100+,5.0,6.74,2023,75.9476
Honor,Magic7,203.0,8.0,12.0,50.0,Qualcomm Snapdragon 8 Gen 3,5.0,6.81,2024,0.8598099999999999
Honor,Magic7 Pro,219.0,12.0,12.0,50.0,Qualcomm Snapdragon 8 Gen 3,5.0,6.81,2024,1.0229300000000001
Honor,Magic7 Ultimate,234.0,16.0,12.0,50.0,Qualcomm Snapdragon 8 Gen 3,5.0,6.81,2024,1.21401
Honor,Magic V3,231.0,12.0,16.0,50.0,Qualcomm Snapdragon 8 Gen 2,5.0,7.92,2024,1.44189
Honor,Pad 6,460.0,4.0,2.0,5.0,Qualcomm Snapdragon 662,5.0,10.1,2020,80.69171
Honor,Pad X6,460.0,3.0,2.0,5.0,MediaTek MT8768T,5.0,9.7,2020,92.41291000000001
Honor,Pad 7,460.0,4.0,2.0,5.0,MediaTek Helio G80,5.0,10.1,2021,92.14577999999999
Honor,Tablet V7,480.0,6.0,8.0,13.0,MediaTek Dimensity 800,7.0,10.4,2021,80.04686000000001
Honor,Tablet V7 Pro,485.0,8.0,8.0,13.0,MediaTek Dimensity 1300T,7.0,11.0,2021,100.08721
Honor,Pad 8,520.0,6.0,5.0,5.0,Qualcomm Snapdragon 680,7.0,12.0,2022,59.98565
Honor,Pad X8,460.0,4.0,2.0,5.0,MediaTek Helio G80,5.0,10.1,2022,75.9629
Honor,Pad X8 Lite,450.0,3.0,2.0,5.0,MediaTek MT8786,5.0,9.7,2022,87.68184000000001
Honor,Pad V8,510.0,6.0,5.0,13.0,MediaTek Dimensity 8020,7.0,11.0,2023,90.06526
Honor,Pad V8 Pro,530.0,8.0,8.0,13.0,MediaTek Dimensity 9000,8.0,12.1,2023,130.20642999999998
Honor,Pad 9,550.0,8.0,8.0,13.0,Qualcomm Snapdragon 6 Gen 1,8.0,12.1,2024,80.04686000000001
Honor,Pad 9 Pro,560.0,12.0,8.0,13.0,MediaTek Dimensity 8100,9.0,12.6,2024,100.08721
Honor,Pad X9,495.0,6.0,5.0,8.0,Qualcomm Snapdragon 685,7.0,11.5,2023,59.97402999999999
Honor,Pad X8 Pro,460.0,4.0,2.0,5.0,MediaTek Helio G80,5.0,10.1,2023,75.9629
Honor,MagicPad 13,590.0,12.0,8.0,13.0,Qualcomm Snapdragon 8+ Gen 1,10.0,13.0,2023,160.24322999999998
Honor,MagicPad 2,580.0,16.0,12.0,16.0,Qualcomm Snapdragon 8 Gen 2,10.0,13.2,2024,180.36955
Honor,Pad X8a,450.0,4.0,2.0,5.0,MediaTek MT8786,5.0,9.7,2023,87.68184000000001
Honor,Pad X8a Kids Edition,460.0,3.0,2.0,5.0,MediaTek MT8786,5.0,9.7,2023,75.35877
Honor,Pad X9 Pro,505.0,8.0,8.0,13.0,Qualcomm Snapdragon 7s Gen 2,8.0,11.6,2024,80.03200999999999
Honor,Pad V9,530.0,8.0,8.0,13.0,MediaTek Dimensity 9000,8.0,12.1,2024,130.20642999999998
Honor,Pad GT Pro,610.0,12.0,12.0,16.0,Qualcomm Snapdragon 8 Gen 3,10.0,13.5,2024,200.40635000000003
Honor,Pad X10,475.0,6.0,5.0,8.0,Qualcomm Snapdragon 685,8.0,12.1,2024,80.02846
Honor,Pad X10 Pro,485.0,8.0,8.0,13.0,Qualcomm Snapdragon 7s Gen 2,9.0,12.6,2024,100.06526
Honor,MagicPad 3,590.0,12.0,12.0,16.0,Qualcomm Snapdragon 8 Gen 3,10.0,13.0,2024,160.24322999999998
Honor,Pad V10,530.0,8.0,8.0,13.0,MediaTek Dimensity 9000,8.0,12.1,2024,130.20642999999998
POCO,F2 Pro 128GB,219.0,6.0,20.0,64.0,Snapdragon 865,4700.0,6.67,2020,100.06429
POCO,M2 Pro 64GB,209.0,4.0,16.0,48.0,Snapdragon 720G,5000.0,6.67,2020,83.39502
POCO,X3 NFC 128GB,215.0,6.0,20.0,64.0,Snapdragon 732G,5160.0,6.67,2020,94.85135
POCO,M3 64GB,198.0,4.0,8.0,48.0,Snapdragon 662,6000.0,6.53,2020,90.39322
POCO,F3 128GB,196.0,6.0,20.0,48.0,Snapdragon 870,4520.0,6.67,2021,70.02491
POCO,X3 Pro 128GB,215.0,6.0,20.0,48.0,Snapdragon 860,5160.0,6.67,2021,104.30897
POCO,M3 Pro 5G 64GB,190.0,4.0,8.0,48.0,MediaTek Dimensity 700,5000.0,6.5,2021,83.39147
POCO,F3 GT 128GB,205.0,6.0,16.0,64.0,MediaTek Dimensity 1200,5065.0,6.67,2021,80.02297
POCO,X3 GT 128GB,193.0,6.0,16.0,64.0,MediaTek Dimensity 1100,5000.0,6.6,2021,55.961119999999994
POCO,M4 Pro 5G 128GB,195.0,4.0,16.0,50.0,MediaTek Dimensity 810,5000.0,6.6,2021,90.12028000000001
POCO,F4 128GB,195.0,6.0,20.0,64.0,Snapdragon 870,4500.0,6.67,2022,70.02394
POCO,F4 GT 128GB,210.0,8.0,20.0,64.0,Snapdragon 8 Gen 1,4700.0,6.67,2022,100.09676999999999
POCO,X4 Pro 5G 128GB,205.0,6.0,16.0,108.0,Snapdragon 695,5000.0,6.67,2022,59.961439999999996
POCO,M4 Pro 128GB,179.0,6.0,16.0,64.0,MediaTek Helio G96,5000.0,6.43,2022,90.12383
POCO,M5 128GB,201.0,4.0,5.0,50.0,MediaTek Helio G99,5000.0,6.58,2022,83.38921
POCO,M5s 128GB,178.8,4.0,13.0,64.0,MediaTek Helio G95,5000.0,6.43,2022,94.84102
POCO,F5 128GB,181.0,6.0,16.0,64.0,Snapdragon 7+ Gen 2,5000.0,6.67,2023,70.03200999999999
POCO,F5 Pro 256GB,204.0,8.0,20.0,64.0,Snapdragon 8+ Gen 1,5160.0,6.67,2023,100.09676999999999
POCO,X5 128GB,189.0,6.0,13.0,48.0,Snapdragon 695,5000.0,6.67,2023,55.961439999999996
POCO,X5 Pro 128GB,181.0,6.0,16.0,108.0,Snapdragon 778G,5000.0,6.67,2023,66.00554
POCO,M6 64GB,199.0,4.0,8.0,50.0,MediaTek Helio G88,5000.0,6.58,2023,83.38921
POCO,M6 Pro 128GB,202.0,6.0,8.0,50.0,Snapdragon 4 Gen 1,5000.0,6.79,2023,90.12028000000001
POCO,X6 128GB,193.0,6.0,16.0,64.0,MediaTek Dimensity 8100,5000.0,6.67,2024,69.99973
POCO,X6 Pro 256GB,205.0,8.0,20.0,108.0,MediaTek Dimensity 8300,5000.0,6.67,2024,80.01361
POCO,F6 128GB,190.0,6.0,20.0,64.0,Snapdragon 8 Gen 2,5000.0,6.67,2024,90.05041
POCO,F6 Pro 256GB,210.0,8.0,20.0,108.0,Snapdragon 8+ Gen 2,5160.0,6.67,2024,110.11516999999999
POCO,C65 64GB,190.0,4.0,5.0,50.0,MediaTek Helio G85,5000.0,6.5,2024,90.39322
POCO,X7 128GB,195.0,6.0,16.0,64.0,MediaTek Dimensity 8200,5000.0,6.67,2025,66.00554
POCO,X7 Pro 256GB,207.0,8.0,20.0,108.0,MediaTek Dimensity 8400,6000.0,6.67,2025,80.02748999999999
POCO,M7 5G 128GB,198.0,6.0,8.0,50.0,MediaTek Dimensity 7025,5110.0,6.67,2024,94.84909
Poco,Pad 5G 128GB,571.0,8.0,8.0,8.0,Snapdragon 7s Gen 2,10.0,12.1,2024,56.20922
Poco,Pad 5G 256GB,571.0,8.0,8.0,8.0,Snapdragon 7s Gen 2,10.0,12.1,2024,60.217290000000006
Samsung,Galaxy Z Fold6 256GB,239.0,12.0,10.0,50.0,Snapdragon 8 Gen 3,4400.0,7.6,2024,1.74418
Samsung,Galaxy Z Fold6 512GB,239.0,12.0,10.0,50.0,Snapdragon 8 Gen 3,4400.0,7.6,2024,345.38462
Samsung,Galaxy Z Fold6 1TB,239.0,12.0,10.0,50.0,Snapdragon 8 Gen 3,4400.0,7.6,2024,2.20375
